,Symbol,Date,Close
0,LIFEINSU,2019-12-03,5081.98
1,LIFEINSU,2019-12-04,5224.89
2,LIFEINSU,2019-12-05,5378.1
3,LIFEINSU,2019-12-08,5366.45
4,LIFEINSU,2019-12-09,5427.43
5,LIFEINSU,2019-12-10,5436.57
6,LIFEINSU,2019-12-11,5515.86
7,LIFEINSU,2019-12-12,5794.55
8,LIFEINSU,2019-12-15,5642.63
9,LIFEINSU,2019-12-16,5506.1
10,LIFEINSU,2019-12-17,5552.68
11,LIFEINSU,2019-12-18,5530.31
12,LIFEINSU,2019-12-19,5488.31
13,LIFEINSU,2019-12-22,5444.54
14,LIFEINSU,2019-12-23,5615.42
15,LIFEINSU,2019-12-24,5575.08
16,LIFEINSU,2019-12-25,5644.78
17,LIFEINSU,2019-12-26,5661.34
18,LIFEINSU,2019-12-29,5742.05
19,LIFEINSU,2019-12-30,5998.58
20,LIFEINSU,2019-12-31,5993.78
21,LIFEINSU,2020-01-01,5911.42
22,LIFEINSU,2020-01-02,5862.58
23,LIFEINSU,2020-01-05,5946.26
24,LIFEINSU,2020-01-06,5958.39
25,LIFEINSU,2020-01-07,5959.44
26,LIFEINSU,2020-01-08,5948.33
27,LIFEINSU,2020-01-09,5967.44
28,LIFEINSU,2020-01-12,6376.71
29,LIFEINSU,2020-01-13,6428.78
30,LIFEINSU,2020-01-14,6377.12
31,LIFEINSU,2020-01-15,6458.18
32,LIFEINSU,2020-01-16,6700.76
33,LIFEINSU,2020-01-19,7104.01
34,LIFEINSU,2020-01-20,6949.35
35,LIFEINSU,2020-01-21,7010.82
36,LIFEINSU,2020-01-22,7173.56
37,LIFEINSU,2020-01-23,7214.45
38,LIFEINSU,2020-01-26,7089.45
39,LIFEINSU,2020-01-27,7263.49
40,LIFEINSU,2020-01-28,7422.77
41,LIFEINSU,2020-01-29,7389.9
42,LIFEINSU,2020-01-30,7558.53
43,LIFEINSU,2020-02-02,7557.44
44,LIFEINSU,2020-02-03,7514.64
45,LIFEINSU,2020-02-04,7438.02
46,LIFEINSU,2020-02-05,7476.28
47,LIFEINSU,2020-02-06,7500.16
48,LIFEINSU,2020-02-09,7424.3
49,LIFEINSU,2020-02-10,7422.81
50,LIFEINSU,2020-02-11,7476.07
51,LIFEINSU,2020-02-12,7534.46
52,LIFEINSU,2020-02-13,7637.19
53,LIFEINSU,2020-02-16,8035.88
54,LIFEINSU,2020-02-17,8153.6
55,LIFEINSU,2020-02-18,8107.67
56,LIFEINSU,2020-02-19,8088.25
57,LIFEINSU,2020-02-20,8473.64
58,LIFEINSU,2020-02-23,8666.0
59,LIFEINSU,2020-02-24,8661.26
60,LIFEINSU,2020-02-25,9334.76
61,LIFEINSU,2020-02-26,9905.94
62,LIFEINSU,2020-02-27,9741.31
63,LIFEINSU,2020-03-01,9266.69
64,LIFEINSU,2020-03-02,8576.39
65,LIFEINSU,2020-03-03,8765.69
66,LIFEINSU,2020-03-04,8308.73
67,LIFEINSU,2020-03-05,8386.57
68,LIFEINSU,2020-03-10,7623.65
69,LIFEINSU,2020-03-11,8134.63
70,LIFEINSU,2020-03-12,7897.32
71,LIFEINSU,2020-03-15,7275.44
72,LIFEINSU,2020-03-16,7324.22
73,LIFEINSU,2020-03-17,6897.74
74,LIFEINSU,2020-03-18,6760.68
75,LIFEINSU,2020-03-19,6901.18
76,LIFEINSU,2020-03-22,6797.2
77,LIFEINSU,2020-05-12,6639.42
78,LIFEINSU,2020-05-13,6509.45
79,LIFEINSU,2020-06-29,6747.07
80,LIFEINSU,2020-06-30,7382.04
81,LIFEINSU,2020-07-01,7930.57
82,LIFEINSU,2020-07-02,7321.96
83,LIFEINSU,2020-07-05,7534.52
84,LIFEINSU,2020-07-06,7800.95
85,LIFEINSU,2020-07-07,7999.33
86,LIFEINSU,2020-07-08,7939.04
87,LIFEINSU,2020-07-09,8007.37
88,LIFEINSU,2020-07-12,8204.62
89,LIFEINSU,2020-07-13,8150.17
90,LIFEINSU,2020-07-14,8130.74
91,LIFEINSU,2020-07-15,8087.33
92,LIFEINSU,2020-07-16,8218.48
93,LIFEINSU,2020-07-19,8767.14
94,LIFEINSU,2020-07-20,8578.49
95,LIFEINSU,2020-07-21,8469.37
96,LIFEINSU,2020-07-22,8397.77
97,LIFEINSU,2020-07-23,8552.44
98,LIFEINSU,2020-07-26,8891.24
99,LIFEINSU,2020-07-27,8802.47
100,LIFEINSU,2020-07-28,8751.96
101,LIFEINSU,2020-07-29,8561.14
102,LIFEINSU,2020-07-30,8616.63
103,LIFEINSU,2020-08-02,8332.83
104,LIFEINSU,2020-08-03,8391.58
105,LIFEINSU,2020-08-06,8279.74
106,LIFEINSU,2020-08-09,8409.29
107,LIFEINSU,2020-08-10,8632.45
108,LIFEINSU,2020-08-11,8609.31
109,LIFEINSU,2020-08-12,8616.08
110,LIFEINSU,2020-08-13,8516.57
111,LIFEINSU,2020-08-16,8439.69
112,LIFEINSU,2020-08-17,8545.93
113,LIFEINSU,2020-08-18,8599.99
114,LIFEINSU,2020-08-19,8463.4
115,LIFEINSU,2020-08-20,8520.22
116,LIFEINSU,2020-08-23,8694.06
117,LIFEINSU,2020-08-24,8856.93
118,LIFEINSU,2020-08-25,9008.66
119,LIFEINSU,2020-08-26,8990.69
120,LIFEINSU,2020-08-27,9001.74
121,LIFEINSU,2020-08-30,9048.06
122,LIFEINSU,2020-08-31,9308.39
123,LIFEINSU,2020-09-02,9219.71
124,LIFEINSU,2020-09-03,9235.03
125,LIFEINSU,2020-09-06,9208.69
126,LIFEINSU,2020-09-07,9116.15
127,LIFEINSU,2020-09-08,9164.74
128,LIFEINSU,2020-09-09,9331.52
129,LIFEINSU,2020-09-10,9536.04
130,LIFEINSU,2020-09-13,9819.92
131,LIFEINSU,2020-09-14,9740.6
132,LIFEINSU,2020-09-15,9757.93
133,LIFEINSU,2020-09-16,9830.07
134,LIFEINSU,2020-09-17,9879.95
135,LIFEINSU,2020-09-20,9823.69
136,LIFEINSU,2020-09-21,9755.85
137,LIFEINSU,2020-09-22,9646.38
138,LIFEINSU,2020-09-23,9741.05
139,LIFEINSU,2020-09-24,9696.95
140,LIFEINSU,2020-09-27,9613.36
141,LIFEINSU,2020-09-28,9560.45
142,LIFEINSU,2020-09-29,9517.5
143,LIFEINSU,2020-09-30,9481.8
144,LIFEINSU,2020-10-01,9639.13
145,LIFEINSU,2020-10-04,9684.16
146,LIFEINSU,2020-10-05,9602.82
147,LIFEINSU,2020-10-06,9577.02
148,LIFEINSU,2020-10-07,9594.69
149,LIFEINSU,2020-10-08,9570.53
150,LIFEINSU,2020-10-11,9559.81
151,LIFEINSU,2020-10-12,9531.44
152,LIFEINSU,2020-10-13,9492.5
153,LIFEINSU,2020-10-14,9459.0
154,LIFEINSU,2020-10-15,9442.2
155,LIFEINSU,2020-10-18,9423.21
156,LIFEINSU,2020-10-19,9473.81
157,LIFEINSU,2020-10-20,9551.92
158,LIFEINSU,2020-10-21,9609.86
159,LIFEINSU,2020-10-22,9599.77
160,LIFEINSU,2020-10-28,9710.44
161,LIFEINSU,2020-10-29,9719.31
162,LIFEINSU,2020-11-01,9711.85
163,LIFEINSU,2020-11-02,9702.45
164,LIFEINSU,2020-11-03,9716.45
165,LIFEINSU,2020-11-04,9703.78
166,LIFEINSU,2020-11-05,9705.13
167,LIFEINSU,2020-11-08,9792.06
168,LIFEINSU,2020-11-09,9774.87
169,LIFEINSU,2020-11-10,10251.22
170,LIFEINSU,2020-11-11,10258.26
171,LIFEINSU,2020-11-12,10229.34
172,LIFEINSU,2020-11-18,10750.71
173,LIFEINSU,2020-11-19,11126.86
174,LIFEINSU,2020-11-22,10848.05
175,LIFEINSU,2020-11-23,10665.65
176,LIFEINSU,2020-11-24,10914.17
177,LIFEINSU,2020-11-25,11104.6
178,LIFEINSU,2020-11-26,10970.28
179,LIFEINSU,2020-11-29,11216.03
180,LIFEINSU,2020-11-30,12039.38
181,LIFEINSU,2020-12-01,12256.22
182,LIFEINSU,2020-12-02,12864.95
183,LIFEINSU,2020-12-03,12606.69
184,LIFEINSU,2020-12-06,11565.88
185,LIFEINSU,2020-12-07,12264.69
186,LIFEINSU,2020-12-08,12144.03
187,LIFEINSU,2020-12-09,11873.57
188,LIFEINSU,2020-12-10,12079.86
189,LIFEINSU,2020-12-13,12608.3
190,LIFEINSU,2020-12-14,13641.42
191,LIFEINSU,2020-12-15,13693.21
192,LIFEINSU,2020-12-16,13532.36
193,LIFEINSU,2020-12-17,13258.09
194,LIFEINSU,2020-12-20,12547.4
195,LIFEINSU,2020-12-21,12791.03
196,LIFEINSU,2020-12-22,13741.98
197,LIFEINSU,2020-12-23,14136.05
198,LIFEINSU,2020-12-24,13704.18
199,LIFEINSU,2020-12-27,13184.7
200,LIFEINSU,2020-12-28,13215.39
201,LIFEINSU,2020-12-29,13145.38
202,LIFEINSU,2020-12-30,13298.82
203,LIFEINSU,2020-12-31,13471.54
204,LIFEINSU,2021-01-03,14022.48
205,LIFEINSU,2021-01-04,13946.09
206,LIFEINSU,2021-01-05,13899.42
207,LIFEINSU,2021-01-06,13924.25
208,LIFEINSU,2021-01-07,13963.11
209,LIFEINSU,2021-01-10,13945.95
210,LIFEINSU,2021-01-11,14107.23
211,LIFEINSU,2021-01-12,14483.23
212,LIFEINSU,2021-01-13,14653.01
213,LIFEINSU,2021-01-17,14875.03
214,LIFEINSU,2021-01-18,15074.5
215,LIFEINSU,2021-01-19,15610.17
216,LIFEINSU,2021-01-20,16339.54
217,LIFEINSU,2021-01-21,16782.97
218,LIFEINSU,2021-01-24,16948.65
219,LIFEINSU,2021-01-25,16860.07
220,LIFEINSU,2021-01-26,16818.98
221,LIFEINSU,2021-01-27,17870.15
222,LIFEINSU,2021-01-28,17827.69
223,LIFEINSU,2021-01-31,17367.31
224,LIFEINSU,2021-02-01,17741.57
225,LIFEINSU,2021-02-02,18335.8
226,LIFEINSU,2021-02-03,18138.74
227,LIFEINSU,2021-02-04,18077.88
228,LIFEINSU,2021-02-07,18649.98
229,LIFEINSU,2021-02-08,18861.35
230,LIFEINSU,2021-02-09,18587.32
231,LIFEINSU,2021-02-10,18512.93
232,LIFEINSU,2021-02-11,18298.53
233,LIFEINSU,2021-02-14,18061.88
234,LIFEINSU,2021-02-15,18759.79
235,LIFEINSU,2021-02-16,18705.68
236,LIFEINSU,2021-02-17,18560.84
237,LIFEINSU,2021-02-18,18451.12
238,LIFEINSU,2021-02-21,18089.65
239,LIFEINSU,2021-02-22,17738.32
240,LIFEINSU,2021-02-23,17718.12
241,LIFEINSU,2021-02-24,17899.0
242,LIFEINSU,2021-02-25,17599.22
243,LIFEINSU,2021-02-28,16974.42
244,LIFEINSU,2021-03-01,17333.59
245,LIFEINSU,2021-03-02,16813.92
246,LIFEINSU,2021-03-03,16361.39
247,LIFEINSU,2021-03-04,16933.35
248,LIFEINSU,2021-03-07,16627.03
249,LIFEINSU,2021-03-09,16425.47
250,LIFEINSU,2021-03-10,16296.64
251,LIFEINSU,2021-03-14,15842.75
252,LIFEINSU,2021-03-15,15721.69
253,LIFEINSU,2021-03-16,15951.98
254,LIFEINSU,2021-03-17,16324.55
255,LIFEINSU,2021-03-18,16740.02
256,LIFEINSU,2021-03-21,17482.79
257,LIFEINSU,2021-03-22,17166.83
258,LIFEINSU,2021-03-23,17068.05
259,LIFEINSU,2021-03-24,17209.27
260,LIFEINSU,2021-03-25,17039.47
261,LIFEINSU,2021-03-29,17008.82
262,LIFEINSU,2021-03-30,17194.9
263,LIFEINSU,2021-03-31,17362.85
264,LIFEINSU,2021-04-01,17306.2
265,LIFEINSU,2021-04-04,17461.01
266,LIFEINSU,2021-04-05,17422.05
267,LIFEINSU,2021-04-06,17230.63
268,LIFEINSU,2021-04-07,17123.94
269,LIFEINSU,2021-04-08,17215.92
270,LIFEINSU,2021-04-12,17413.71
271,LIFEINSU,2021-04-13,17362.43
272,LIFEINSU,2021-04-15,17408.11
273,LIFEINSU,2021-04-18,17296.49
274,LIFEINSU,2021-04-19,17166.72
275,LIFEINSU,2021-04-20,17220.7
276,LIFEINSU,2021-04-21,17075.63
277,LIFEINSU,2021-04-22,17189.69
278,LIFEINSU,2021-04-25,16729.65
279,LIFEINSU,2021-04-26,16370.47
280,LIFEINSU,2021-04-27,16930.71
281,LIFEINSU,2021-04-28,16781.6
282,LIFEINSU,2021-04-29,16924.48
283,LIFEINSU,2021-05-02,17556.66
284,LIFEINSU,2021-05-03,17469.44
285,LIFEINSU,2021-05-04,17405.2
286,LIFEINSU,2021-05-05,17349.96
287,LIFEINSU,2021-05-06,17110.64
288,LIFEINSU,2021-05-09,16963.95
289,LIFEINSU,2021-05-10,17101.77
290,LIFEINSU,2021-05-11,17368.95
291,LIFEINSU,2021-05-12,17302.09
292,LIFEINSU,2021-05-13,17387.21
293,LIFEINSU,2021-05-16,17915.99
294,LIFEINSU,2021-05-17,18036.27
295,LIFEINSU,2021-05-18,18240.4
296,LIFEINSU,2021-05-19,18213.51
297,LIFEINSU,2021-05-20,18134.65
298,LIFEINSU,2021-05-23,18196.28
299,LIFEINSU,2021-05-24,18140.68
300,LIFEINSU,2021-05-25,18574.13
301,LIFEINSU,2021-05-27,18437.77
302,LIFEINSU,2021-05-30,18533.78
303,LIFEINSU,2021-05-31,18176.88
304,LIFEINSU,2021-06-01,18027.34
305,LIFEINSU,2021-06-02,18401.51
306,LIFEINSU,2021-06-03,18406.63
307,LIFEINSU,2021-06-06,18281.23
308,LIFEINSU,2021-06-07,18297.27
309,LIFEINSU,2021-06-08,18965.84
310,LIFEINSU,2021-06-09,18994.96
311,LIFEINSU,2021-06-10,18723.73
312,LIFEINSU,2021-06-13,18576.45
313,LIFEINSU,2021-06-14,18657.66
314,LIFEINSU,2021-06-15,18647.18
315,LIFEINSU,2021-06-16,18241.36
316,LIFEINSU,2021-06-17,18256.4
317,LIFEINSU,2021-06-20,17945.45
318,LIFEINSU,2021-06-21,17494.34
319,LIFEINSU,2021-06-22,17882.2
320,LIFEINSU,2021-06-23,17467.84
321,LIFEINSU,2021-06-24,17323.97
322,LIFEINSU,2021-06-27,17324.32
323,LIFEINSU,2021-06-28,17338.39
324,LIFEINSU,2021-06-29,17172.4
325,LIFEINSU,2021-06-30,17061.01
326,LIFEINSU,2021-07-01,17135.75
327,LIFEINSU,2021-07-04,17090.77
328,LIFEINSU,2021-07-05,16954.54
329,LIFEINSU,2021-07-06,16958.95
330,LIFEINSU,2021-07-07,16883.87
331,LIFEINSU,2021-07-08,16926.92
332,LIFEINSU,2021-07-11,17414.12
333,LIFEINSU,2021-07-12,17159.45
334,LIFEINSU,2021-07-13,17093.26
335,LIFEINSU,2021-07-14,17060.64
336,LIFEINSU,2021-07-15,17017.53
337,LIFEINSU,2021-07-18,17667.66
338,LIFEINSU,2021-07-19,17724.14
339,LIFEINSU,2021-07-20,17597.19
340,LIFEINSU,2021-07-22,17558.4
341,LIFEINSU,2021-07-25,17593.71
342,LIFEINSU,2021-07-26,17661.78
343,LIFEINSU,2021-07-27,17920.19
344,LIFEINSU,2021-07-28,18359.47
345,LIFEINSU,2021-07-29,18271.84
346,LIFEINSU,2021-08-01,18060.37
347,LIFEINSU,2021-08-02,17969.8
348,LIFEINSU,2021-08-03,18087.65
349,LIFEINSU,2021-08-04,18084.9
350,LIFEINSU,2021-08-05,18025.82
351,LIFEINSU,2021-08-08,17913.75
352,LIFEINSU,2021-08-09,17960.56
353,LIFEINSU,2021-08-10,18172.28
354,LIFEINSU,2021-08-11,18182.33
355,LIFEINSU,2021-08-12,18210.26
356,LIFEINSU,2021-08-15,18021.04
357,LIFEINSU,2021-08-16,17848.17
358,LIFEINSU,2021-08-17,17594.49
359,LIFEINSU,2021-08-18,17753.44
360,LIFEINSU,2021-08-19,18213.42
361,LIFEINSU,2021-08-24,18076.69
362,LIFEINSU,2021-08-25,17732.59
363,LIFEINSU,2021-08-26,17577.95
364,LIFEINSU,2021-08-29,17271.63
365,LIFEINSU,2021-08-31,16823.65
366,LIFEINSU,2021-09-01,16890.5
367,LIFEINSU,2021-09-02,16541.55
368,LIFEINSU,2021-09-05,16030.76
369,LIFEINSU,2021-09-06,16848.16
370,LIFEINSU,2021-09-07,16545.51
371,LIFEINSU,2021-09-08,16123.11
372,LIFEINSU,2021-09-09,16182.5
373,LIFEINSU,2021-09-12,16480.21
374,LIFEINSU,2021-09-13,16566.05
375,LIFEINSU,2021-09-14,16421.38
376,LIFEINSU,2021-09-15,16246.07
377,LIFEINSU,2021-09-16,15793.48
378,LIFEINSU,2021-09-20,14993.42
379,LIFEINSU,2021-09-21,15193.06
380,LIFEINSU,2021-09-22,15744.8
381,LIFEINSU,2021-09-23,15687.2
382,LIFEINSU,2021-09-26,15322.21
383,LIFEINSU,2021-09-27,14885.04
384,LIFEINSU,2021-09-28,14453.13
385,LIFEINSU,2021-09-29,14668.72
386,LIFEINSU,2021-09-30,14568.36
387,LIFEINSU,2021-10-03,14296.22
388,LIFEINSU,2021-10-04,14301.84
389,LIFEINSU,2021-10-05,14609.49
390,LIFEINSU,2021-10-06,14866.73
391,LIFEINSU,2021-10-10,14972.41
392,LIFEINSU,2021-10-11,14931.35
393,LIFEINSU,2021-10-17,15043.98
394,LIFEINSU,2021-10-18,14691.23
395,LIFEINSU,2021-10-19,14262.84
396,LIFEINSU,2021-10-20,14452.53
397,LIFEINSU,2021-10-21,14347.28
398,LIFEINSU,2021-10-24,14414.6
399,LIFEINSU,2021-10-25,14951.61
400,LIFEINSU,2021-10-26,15451.59
401,LIFEINSU,2021-10-27,15769.33
402,LIFEINSU,2021-10-28,15681.65
403,LIFEINSU,2021-10-31,15912.45
404,LIFEINSU,2021-11-01,15796.69
405,LIFEINSU,2021-11-02,15957.5
406,LIFEINSU,2021-11-03,15910.46
407,LIFEINSU,2021-11-08,15810.42
408,LIFEINSU,2021-11-09,15430.59
409,LIFEINSU,2021-11-11,15114.19
410,LIFEINSU,2021-11-14,15046.02
411,LIFEINSU,2021-11-15,15159.26
412,LIFEINSU,2021-11-16,15429.87
413,LIFEINSU,2021-11-17,15345.16
414,LIFEINSU,2021-11-18,15117.09
415,LIFEINSU,2021-11-21,14976.59
416,LIFEINSU,2021-11-22,14969.51
417,LIFEINSU,2021-11-23,14778.51
418,LIFEINSU,2021-11-24,14720.21
419,LIFEINSU,2021-11-25,14696.95
420,LIFEINSU,2021-11-28,14158.92
421,LIFEINSU,2021-11-29,14041.87
422,LIFEINSU,2021-11-30,13972.23
423,LIFEINSU,2021-12-01,13967.69
424,LIFEINSU,2021-12-02,13736.87
425,LIFEINSU,2021-12-05,13364.77
426,LIFEINSU,2021-12-06,13487.97
427,LIFEINSU,2021-12-07,13417.07
428,LIFEINSU,2021-12-08,13122.63
429,LIFEINSU,2021-12-09,13088.19
430,LIFEINSU,2021-12-12,12580.58
431,LIFEINSU,2021-12-13,12155.25
432,LIFEINSU,2021-12-14,12816.94
433,LIFEINSU,2021-12-15,12772.97
434,LIFEINSU,2021-12-16,12509.75
435,LIFEINSU,2021-12-20,12403.74
436,LIFEINSU,2021-12-21,12610.32
437,LIFEINSU,2021-12-22,13113.09
438,LIFEINSU,2021-12-23,13315.57
439,LIFEINSU,2021-12-26,14612.8
440,LIFEINSU,2021-12-27,14322.08
441,LIFEINSU,2021-12-28,14282.83
442,LIFEINSU,2021-12-29,14210.87
443,LIFEINSU,2022-01-02,14555.15
444,LIFEINSU,2022-01-03,14649.03
445,LIFEINSU,2022-01-04,14809.55
446,LIFEINSU,2022-01-05,14752.59
447,LIFEINSU,2022-01-06,14867.13
448,LIFEINSU,2022-01-09,15162.24
449,LIFEINSU,2022-01-10,15380.44
450,LIFEINSU,2022-01-11,15979.15
451,LIFEINSU,2022-01-12,15790.13
452,LIFEINSU,2022-01-13,16139.74
453,LIFEINSU,2022-01-16,16533.14
454,LIFEINSU,2022-01-17,16613.41
455,LIFEINSU,2022-01-18,16415.26
456,LIFEINSU,2022-01-19,16192.54
457,LIFEINSU,2022-01-20,16654.94
458,LIFEINSU,2022-01-23,16884.9
459,LIFEINSU,2022-01-24,16315.11
460,LIFEINSU,2022-01-25,16387.27
461,LIFEINSU,2022-01-26,16109.62
462,LIFEINSU,2022-01-27,16108.3
463,LIFEINSU,2022-01-30,16656.36
464,LIFEINSU,2022-01-31,16435.04
465,LIFEINSU,2022-02-01,16419.43
466,LIFEINSU,2022-02-03,16246.69
467,LIFEINSU,2022-02-06,15682.16
468,LIFEINSU,2022-02-07,15807.12
469,LIFEINSU,2022-02-08,15640.39
470,LIFEINSU,2022-02-09,15489.32
471,LIFEINSU,2022-02-10,15474.41
472,LIFEINSU,2022-02-13,14869.53
473,LIFEINSU,2022-02-14,14922.02
474,LIFEINSU,2022-02-15,15109.05
475,LIFEINSU,2022-02-16,15129.7
476,LIFEINSU,2022-02-17,15075.09
477,LIFEINSU,2022-02-20,14707.98
478,LIFEINSU,2022-02-21,14727.18
479,LIFEINSU,2022-02-22,14734.26
480,LIFEINSU,2022-02-23,14653.0
481,LIFEINSU,2022-02-24,14236.17
482,LIFEINSU,2022-02-27,14120.15
483,LIFEINSU,2022-02-28,13824.65
484,LIFEINSU,2022-03-02,13371.09
485,LIFEINSU,2022-03-06,13207.93
486,LIFEINSU,2022-03-07,13057.61
487,LIFEINSU,2022-03-09,12840.6
488,LIFEINSU,2022-03-10,13291.38
489,LIFEINSU,2022-03-13,14213.54
490,LIFEINSU,2022-03-14,14367.11
491,LIFEINSU,2022-03-15,14473.62
492,LIFEINSU,2022-03-16,14416.55
493,LIFEINSU,2022-03-20,14219.45
494,LIFEINSU,2022-03-21,14391.81
495,LIFEINSU,2022-03-22,14660.69
496,LIFEINSU,2022-03-23,14534.37
497,LIFEINSU,2022-03-24,14904.41
498,LIFEINSU,2022-03-27,14805.8
499,LIFEINSU,2022-03-28,14462.48
500,LIFEINSU,2022-03-29,14242.85
501,LIFEINSU,2022-03-30,14454.25
502,LIFEINSU,2022-03-31,14277.96
503,LIFEINSU,2022-04-03,14060.97
504,LIFEINSU,2022-04-04,13943.51
505,LIFEINSU,2022-04-05,13511.23
506,LIFEINSU,2022-04-06,13440.5
507,LIFEINSU,2022-04-07,13702.87
508,LIFEINSU,2022-04-11,13271.05
509,LIFEINSU,2022-04-12,13056.82
510,LIFEINSU,2022-04-13,13152.06
511,LIFEINSU,2022-04-17,12951.19
512,LIFEINSU,2022-04-18,12687.24
513,LIFEINSU,2022-04-19,12784.89
514,LIFEINSU,2022-04-20,12538.42
515,LIFEINSU,2022-04-21,12612.57
516,LIFEINSU,2022-04-24,13035.93
517,LIFEINSU,2022-04-25,12836.62
518,LIFEINSU,2022-04-26,12740.77
519,LIFEINSU,2022-04-27,12746.09
520,LIFEINSU,2022-04-28,12595.35
521,LIFEINSU,2022-05-02,12253.1
522,LIFEINSU,2022-05-04,12004.54
523,LIFEINSU,2022-05-05,11744.39
524,LIFEINSU,2022-05-08,11782.96
525,LIFEINSU,2022-05-09,11700.84
526,LIFEINSU,2022-05-10,11937.65
527,LIFEINSU,2022-05-11,12154.83
528,LIFEINSU,2022-05-12,11897.68
529,LIFEINSU,2022-05-17,11305.09
530,LIFEINSU,2022-05-18,11206.18
531,LIFEINSU,2022-05-19,11033.9
532,LIFEINSU,2022-05-20,10867.62
533,LIFEINSU,2022-05-23,10625.25
534,LIFEINSU,2022-05-24,10702.0
535,LIFEINSU,2022-05-25,10768.5
536,LIFEINSU,2022-05-26,10855.27
537,LIFEINSU,2022-05-27,10779.57
538,LIFEINSU,2022-05-30,10472.88
539,LIFEINSU,2022-05-31,10401.04
540,LIFEINSU,2022-06-01,10245.19
541,LIFEINSU,2022-06-02,10098.57
542,LIFEINSU,2022-06-03,9861.92
543,LIFEINSU,2022-06-06,9681.52
544,LIFEINSU,2022-06-07,9576.42
545,LIFEINSU,2022-06-08,9869.55
546,LIFEINSU,2022-06-09,9841.49
547,LIFEINSU,2022-06-10,9779.31
548,LIFEINSU,2022-06-13,9641.19
549,LIFEINSU,2022-06-14,9454.31
550,LIFEINSU,2022-06-15,9264.61
551,LIFEINSU,2022-06-16,9269.7
552,LIFEINSU,2022-06-17,9266.76
553,LIFEINSU,2022-06-19,9144.08
554,LIFEINSU,2022-06-20,8917.74
555,LIFEINSU,2022-06-21,9112.64
556,LIFEINSU,2022-06-22,8980.42
557,LIFEINSU,2022-06-23,8837.04
558,LIFEINSU,2022-06-24,8968.5
559,LIFEINSU,2022-06-26,9338.74
560,LIFEINSU,2022-06-27,9452.7
561,LIFEINSU,2022-06-28,9549.6
562,LIFEINSU,2022-06-29,9684.07
563,LIFEINSU,2022-06-30,9969.51
564,LIFEINSU,2022-07-01,9935.66
565,LIFEINSU,2022-07-03,10106.25
566,LIFEINSU,2022-07-04,10164.93
567,LIFEINSU,2022-07-05,9949.01
568,LIFEINSU,2022-07-06,10203.94
569,LIFEINSU,2022-07-07,10100.15
570,LIFEINSU,2022-07-08,9907.09
571,LIFEINSU,2022-07-11,9456.87
572,LIFEINSU,2022-07-12,9461.0
573,LIFEINSU,2022-07-13,9647.6
574,LIFEINSU,2022-07-14,9650.11
575,LIFEINSU,2022-07-15,9688.18
576,LIFEINSU,2022-07-17,9703.39
577,LIFEINSU,2022-07-18,9820.45
578,LIFEINSU,2022-07-19,9900.66
579,LIFEINSU,2022-07-20,9851.45
580,LIFEINSU,2022-07-21,9721.72
581,LIFEINSU,2022-07-22,9612.05
582,LIFEINSU,2022-07-24,9819.82
583,LIFEINSU,2022-07-25,10034.34
584,LIFEINSU,2022-07-26,9900.63
585,LIFEINSU,2022-07-27,9935.41
586,LIFEINSU,2022-07-28,9950.53
587,LIFEINSU,2022-07-29,9958.42
588,LIFEINSU,2022-07-31,10339.4
589,LIFEINSU,2022-08-01,10333.61
590,LIFEINSU,2022-08-02,10270.98
591,LIFEINSU,2022-08-03,10197.27
592,LIFEINSU,2022-08-04,10029.44
593,LIFEINSU,2022-08-05,9909.45
594,LIFEINSU,2022-08-07,9904.89
595,LIFEINSU,2022-08-08,9802.98
596,LIFEINSU,2022-08-09,9680.47
597,LIFEINSU,2022-08-10,9670.74
598,LIFEINSU,2022-08-11,9602.92
599,LIFEINSU,2022-08-14,9369.24
600,LIFEINSU,2022-08-15,9516.52
601,LIFEINSU,2022-08-16,9442.37
602,LIFEINSU,2022-08-17,9397.04
603,LIFEINSU,2022-08-18,9449.35
604,LIFEINSU,2022-08-21,9412.32
605,LIFEINSU,2022-08-22,9409.38
606,LIFEINSU,2022-08-23,9417.96
607,LIFEINSU,2022-08-24,9465.75
608,LIFEINSU,2022-08-25,9407.19
609,LIFEINSU,2022-08-26,9441.29
610,LIFEINSU,2022-08-28,9326.42
611,LIFEINSU,2022-08-29,9369.54
612,LIFEINSU,2022-08-30,9367.18
613,LIFEINSU,2022-08-31,9226.76
614,LIFEINSU,2022-09-01,9281.57
615,LIFEINSU,2022-09-02,9275.89
616,LIFEINSU,2022-09-04,9322.08
617,LIFEINSU,2022-09-05,9319.43
618,LIFEINSU,2022-09-06,9233.79
619,LIFEINSU,2022-09-07,9197.55
620,LIFEINSU,2022-09-08,9172.73
621,LIFEINSU,2022-09-11,9133.05
622,LIFEINSU,2022-09-12,9080.49
623,LIFEINSU,2022-09-13,9176.72
624,LIFEINSU,2022-09-14,9309.91
625,LIFEINSU,2022-09-15,9132.79
626,LIFEINSU,2022-09-16,9110.52
627,LIFEINSU,2022-09-18,8888.7
628,LIFEINSU,2022-09-20,8731.09
629,LIFEINSU,2022-09-21,8766.64
630,LIFEINSU,2022-09-22,8724.85
631,LIFEINSU,2022-09-25,8648.47
632,LIFEINSU,2022-09-27,8698.79
633,LIFEINSU,2022-09-28,8719.87
634,LIFEINSU,2022-09-29,8714.25
635,LIFEINSU,2022-10-09,8901.33
636,LIFEINSU,2022-10-10,8829.79
637,LIFEINSU,2022-10-11,8706.03
638,LIFEINSU,2022-10-12,8755.98
639,LIFEINSU,2022-10-13,8771.22
640,LIFEINSU,2022-10-16,8694.98
641,LIFEINSU,2022-10-17,8668.85
642,LIFEINSU,2022-10-19,8649.86
643,LIFEINSU,2022-10-20,8644.11
644,LIFEINSU,2022-10-23,8683.16
645,LIFEINSU,2022-10-31,8708.18
646,LIFEINSU,2022-11-01,8883.44
647,LIFEINSU,2022-11-02,8938.57
648,LIFEINSU,2022-11-03,8939.97
649,LIFEINSU,2022-11-06,9035.07
650,LIFEINSU,2022-11-07,9081.16
651,LIFEINSU,2022-11-08,9174.77
652,LIFEINSU,2022-11-09,8974.82
653,LIFEINSU,2022-11-10,8905.05
654,LIFEINSU,2022-11-13,8834.32
655,LIFEINSU,2022-11-14,8951.33
656,LIFEINSU,2022-11-15,8939.56
657,LIFEINSU,2022-11-16,9020.29
658,LIFEINSU,2022-11-17,9077.04
659,LIFEINSU,2022-11-22,9079.4
660,LIFEINSU,2022-11-23,9055.38
661,LIFEINSU,2022-11-24,9082.24
662,LIFEINSU,2022-11-27,9181.63
663,LIFEINSU,2022-11-28,9116.91
664,LIFEINSU,2022-11-29,9147.8
665,LIFEINSU,2022-11-30,9130.27
666,LIFEINSU,2022-12-01,9246.84
667,LIFEINSU,2022-12-04,9430.2
668,LIFEINSU,2022-12-05,9294.28
669,LIFEINSU,2022-12-06,9294.95
670,LIFEINSU,2022-12-07,9211.31
671,LIFEINSU,2022-12-11,9132.87
672,LIFEINSU,2022-12-12,9203.72
673,LIFEINSU,2022-12-13,9193.06
674,LIFEINSU,2022-12-14,9166.92
675,LIFEINSU,2022-12-15,9064.75
676,LIFEINSU,2022-12-18,9024.39
677,LIFEINSU,2022-12-19,9052.98
678,LIFEINSU,2022-12-20,9138.03
679,LIFEINSU,2022-12-21,9100.2
680,LIFEINSU,2022-12-22,9062.66
681,LIFEINSU,2022-12-26,9318.71
682,LIFEINSU,2022-12-27,9690.92
683,LIFEINSU,2022-12-28,9696.16
684,LIFEINSU,2022-12-29,10080.54
685,LIFEINSU,2023-01-01,10381.89
686,LIFEINSU,2023-01-02,10436.13
687,LIFEINSU,2023-01-03,10314.52
688,LIFEINSU,2023-01-04,10458.61
689,LIFEINSU,2023-01-05,10593.37
690,LIFEINSU,2023-01-08,11062.36
691,LIFEINSU,2023-01-09,11244.81
692,LIFEINSU,2023-01-10,11001.72
693,LIFEINSU,2023-01-12,10692.16
694,LIFEINSU,2023-01-17,10844.76
695,LIFEINSU,2023-01-18,10745.81
696,LIFEINSU,2023-01-19,10713.1
697,LIFEINSU,2023-01-23,10625.91
698,LIFEINSU,2023-01-24,10627.48
699,LIFEINSU,2023-01-25,10893.65
700,LIFEINSU,2023-01-26,11025.11
701,LIFEINSU,2023-01-29,11062.99
702,LIFEINSU,2023-01-30,10941.44
703,LIFEINSU,2023-01-31,10809.06
704,LIFEINSU,2023-02-01,10897.84
705,LIFEINSU,2023-02-02,10661.69
706,LIFEINSU,2023-02-05,10608.78
707,LIFEINSU,2023-02-06,10525.8
708,LIFEINSU,2023-02-07,10993.06
709,LIFEINSU,2023-02-08,10931.56
710,LIFEINSU,2023-02-09,11016.43
711,LIFEINSU,2023-02-12,10659.3
712,LIFEINSU,2023-02-14,10573.92
713,LIFEINSU,2023-02-15,10457.53
714,LIFEINSU,2023-02-16,10313.44
715,LIFEINSU,2023-02-20,10226.78
716,LIFEINSU,2023-02-22,10423.14
717,LIFEINSU,2023-02-23,10204.44
718,LIFEINSU,2023-02-26,10190.48
719,LIFEINSU,2023-02-27,10181.51
720,LIFEINSU,2023-02-28,10159.23
721,LIFEINSU,2023-03-01,10002.42
722,LIFEINSU,2023-03-02,9876.35
723,LIFEINSU,2023-03-05,9703.01
724,LIFEINSU,2023-03-07,9747.28
725,LIFEINSU,2023-03-09,10061.12
726,LIFEINSU,2023-03-12,9921.79
727,LIFEINSU,2023-03-13,9756.78
728,LIFEINSU,2023-03-14,9763.66
729,LIFEINSU,2023-03-15,9683.9
730,LIFEINSU,2023-03-16,9649.51
731,LIFEINSU,2023-03-19,9588.42
732,LIFEINSU,2023-03-20,9682.73
733,LIFEINSU,2023-03-22,9555.34
734,LIFEINSU,2023-03-23,9468.49
735,LIFEINSU,2023-03-26,9385.47
736,LIFEINSU,2023-03-27,9579.92
737,LIFEINSU,2023-03-28,9609.51
738,LIFEINSU,2023-03-29,9558.66
739,LIFEINSU,2023-03-30,9525.96
740,LIFEINSU,2023-04-02,9489.21
741,LIFEINSU,2023-04-03,9441.17
742,LIFEINSU,2023-04-04,9360.48
743,LIFEINSU,2023-04-05,9389.82
744,LIFEINSU,2023-04-06,9371.2
745,LIFEINSU,2023-04-09,9191.26
746,LIFEINSU,2023-04-10,9207.43
747,LIFEINSU,2023-04-11,9293.53
748,LIFEINSU,2023-04-12,9736.79
749,LIFEINSU,2023-04-13,9643.18
750,LIFEINSU,2023-04-16,9651.91
751,LIFEINSU,2023-04-17,9502.01
752,LIFEINSU,2023-04-18,9490.72
753,LIFEINSU,2023-04-19,9553.62
754,LIFEINSU,2023-04-20,9476.65
755,LIFEINSU,2023-04-23,9357.91
756,LIFEINSU,2023-04-24,9440.0
757,LIFEINSU,2023-04-25,9497.3
758,LIFEINSU,2023-04-26,9440.48
759,LIFEINSU,2023-04-27,9425.28
760,LIFEINSU,2023-04-30,9338.1
761,LIFEINSU,2023-05-02,9342.03
762,LIFEINSU,2023-05-03,9282.34
763,LIFEINSU,2023-05-04,9332.52
764,LIFEINSU,2023-05-07,9292.47
765,LIFEINSU,2023-05-08,9170.98
766,LIFEINSU,2023-05-09,9245.99
767,LIFEINSU,2023-05-10,9236.8
768,LIFEINSU,2023-05-11,9238.52
769,LIFEINSU,2023-05-14,9198.21
770,LIFEINSU,2023-05-15,9189.74
771,LIFEINSU,2023-05-16,9203.56
772,LIFEINSU,2023-05-17,9296.93
773,LIFEINSU,2023-05-18,9491.36
774,LIFEINSU,2023-05-21,9528.9
775,LIFEINSU,2023-05-22,9617.23
776,LIFEINSU,2023-05-23,9982.57
777,LIFEINSU,2023-05-24,10102.77
778,LIFEINSU,2023-05-28,9950.43
779,LIFEINSU,2023-05-30,9565.17
780,LIFEINSU,2023-05-31,9336.35
781,LIFEINSU,2023-06-01,9422.0
782,LIFEINSU,2023-06-04,9764.05
783,LIFEINSU,2023-06-05,9639.91
784,LIFEINSU,2023-06-06,9796.84
785,LIFEINSU,2023-06-07,9792.88
786,LIFEINSU,2023-06-08,9938.66
787,LIFEINSU,2023-06-11,10126.55
788,LIFEINSU,2023-06-12,10134.21
789,LIFEINSU,2023-06-13,10408.53
790,LIFEINSU,2023-06-14,10573.19
791,LIFEINSU,2023-06-15,10881.6
792,LIFEINSU,2023-06-18,11575.73
793,LIFEINSU,2023-06-19,11381.94
794,LIFEINSU,2023-06-20,11068.6
795,LIFEINSU,2023-06-21,11080.56
796,LIFEINSU,2023-06-22,11439.78
797,LIFEINSU,2023-06-25,12331.34
798,LIFEINSU,2023-06-26,12321.63
799,LIFEINSU,2023-06-27,12416.3
800,LIFEINSU,2023-06-28,12721.22
801,LIFEINSU,2023-07-02,12569.91
802,LIFEINSU,2023-07-03,12339.73
803,LIFEINSU,2023-07-04,12370.23
804,LIFEINSU,2023-07-05,11960.47
805,LIFEINSU,2023-07-06,11971.41
806,LIFEINSU,2023-07-09,12186.53
807,LIFEINSU,2023-07-10,12176.81
808,LIFEINSU,2023-07-11,12094.51
809,LIFEINSU,2023-07-12,12133.48
810,LIFEINSU,2023-07-13,11998.13
811,LIFEINSU,2023-07-16,11991.15
812,LIFEINSU,2023-07-17,12274.01
813,LIFEINSU,2023-07-18,12292.84
814,LIFEINSU,2023-07-19,12244.08
815,LIFEINSU,2023-07-20,12122.02
816,LIFEINSU,2023-07-23,12247.54
817,LIFEINSU,2023-07-24,12104.42
818,LIFEINSU,2023-07-25,11927.98
819,LIFEINSU,2023-07-26,11899.98
820,LIFEINSU,2023-07-27,11677.33
821,LIFEINSU,2023-07-30,11489.15
822,LIFEINSU,2023-07-31,11491.63
823,LIFEINSU,2023-08-01,11269.1
824,LIFEINSU,2023-08-02,11311.91
825,LIFEINSU,2023-08-03,11375.39
826,LIFEINSU,2023-08-06,11137.42
827,LIFEINSU,2023-08-07,11197.57
828,LIFEINSU,2023-08-08,11001.55
829,LIFEINSU,2023-08-09,11348.3
830,LIFEINSU,2023-08-10,11338.6
831,LIFEINSU,2023-08-13,11396.74
832,LIFEINSU,2023-08-14,11391.03
833,LIFEINSU,2023-08-15,11186.75
834,LIFEINSU,2023-08-16,11084.92
835,LIFEINSU,2023-08-17,11175.11
836,LIFEINSU,2023-08-20,11040.2
837,LIFEINSU,2023-08-21,10955.96
838,LIFEINSU,2023-08-22,11006.02
839,LIFEINSU,2023-08-23,11282.31
840,LIFEINSU,2023-08-24,11039.91
841,LIFEINSU,2023-08-27,10935.29
842,LIFEINSU,2023-08-28,10959.6
843,LIFEINSU,2023-08-29,10909.59
844,LIFEINSU,2023-08-30,10900.26
845,LIFEINSU,2023-09-03,10681.25
846,LIFEINSU,2023-09-04,10737.18
847,LIFEINSU,2023-09-05,10668.9
848,LIFEINSU,2023-09-07,10518.37
849,LIFEINSU,2023-09-10,10555.88
850,LIFEINSU,2023-09-11,10860.45
851,LIFEINSU,2023-09-12,10752.16
852,LIFEINSU,2023-09-13,11025.61
853,LIFEINSU,2023-09-17,10697.81
854,LIFEINSU,2023-09-18,10732.03
855,LIFEINSU,2023-09-19,10771.93
856,LIFEINSU,2023-09-21,10952.0
857,LIFEINSU,2023-09-24,10791.71
858,LIFEINSU,2023-09-25,10712.45
859,LIFEINSU,2023-09-26,10847.23
860,LIFEINSU,2023-09-27,10758.32
861,LIFEINSU,2023-10-01,10546.41
862,LIFEINSU,2023-10-02,10556.75
863,LIFEINSU,2023-10-03,10469.47
864,LIFEINSU,2023-10-04,10521.96
865,LIFEINSU,2023-10-05,10459.88
866,LIFEINSU,2023-10-08,10221.3
867,LIFEINSU,2023-10-09,10118.71
868,LIFEINSU,2023-10-10,10010.69
869,LIFEINSU,2023-10-11,10053.34
870,LIFEINSU,2023-10-12,9911.97
871,LIFEINSU,2023-10-16,9704.06
872,LIFEINSU,2023-10-17,9792.36
873,LIFEINSU,2023-10-18,10013.97
874,LIFEINSU,2023-10-19,9979.01
875,LIFEINSU,2023-10-29,9781.89
876,LIFEINSU,2023-10-30,9808.83
877,LIFEINSU,2023-10-31,9666.94
878,LIFEINSU,2023-11-01,9628.02
879,LIFEINSU,2023-11-02,9590.22
880,LIFEINSU,2023-11-05,9524.87
881,LIFEINSU,2023-11-06,9638.48
882,LIFEINSU,2023-11-07,9751.64
883,LIFEINSU,2023-11-08,9801.96
884,LIFEINSU,2023-11-09,9700.18
885,LIFEINSU,2023-11-20,9794.45
886,LIFEINSU,2023-11-21,9680.04
887,LIFEINSU,2023-11-22,9789.1
888,LIFEINSU,2023-11-23,10119.76
889,LIFEINSU,2023-11-26,10569.63
890,LIFEINSU,2023-11-27,10475.51
891,LIFEINSU,2023-11-28,10468.27
892,LIFEINSU,2023-11-29,10309.01
893,LIFEINSU,2023-11-30,10208.44
894,LIFEINSU,2023-12-03,10182.66
895,LIFEINSU,2023-12-04,10281.93
896,LIFEINSU,2023-12-05,10298.87
897,LIFEINSU,2023-12-06,10424.17
898,LIFEINSU,2023-12-07,10433.02
899,LIFEINSU,2023-12-10,10986.37
900,LIFEINSU,2023-12-11,10905.71
901,LIFEINSU,2023-12-12,11239.08
902,LIFEINSU,2023-12-13,11109.97
903,LIFEINSU,2023-12-14,11094.93
904,LIFEINSU,2023-12-17,11119.58
905,LIFEINSU,2023-12-18,11225.37
906,LIFEINSU,2023-12-19,11575.92
907,LIFEINSU,2023-12-20,11807.46
908,LIFEINSU,2023-12-21,11478.4
909,LIFEINSU,2023-12-24,11538.57
910,LIFEINSU,2023-12-27,11412.08
911,LIFEINSU,2023-12-28,11369.98
912,LIFEINSU,2024-01-01,11184.75
913,LIFEINSU,2024-01-02,10850.13
914,LIFEINSU,2024-01-03,10932.02
915,LIFEINSU,2024-01-04,10794.94
916,LIFEINSU,2024-01-07,10535.25
917,LIFEINSU,2024-01-08,10927.35
918,LIFEINSU,2024-01-09,11028.42
919,LIFEINSU,2024-01-10,11000.38
920,LIFEINSU,2024-01-11,10885.61
921,LIFEINSU,2024-01-14,10932.32
922,LIFEINSU,2024-01-16,11127.33
923,LIFEINSU,2024-01-17,10994.37
924,LIFEINSU,2024-01-18,10936.54
925,LIFEINSU,2024-01-21,10855.88
926,LIFEINSU,2024-01-22,10774.83
927,LIFEINSU,2024-01-23,10703.15
928,LIFEINSU,2024-01-24,10665.09
929,LIFEINSU,2024-01-25,10619.19
930,LIFEINSU,2024-01-28,10673.14
931,LIFEINSU,2024-01-29,10750.7
932,LIFEINSU,2024-01-30,10787.61
933,LIFEINSU,2024-01-31,10640.19
934,LIFEINSU,2024-02-01,10504.18
935,LIFEINSU,2024-02-04,10446.71
936,LIFEINSU,2024-02-05,10466.27
937,LIFEINSU,2024-02-06,10545.41
938,LIFEINSU,2024-02-07,10687.61
939,LIFEINSU,2024-02-08,10675.18
940,LIFEINSU,2024-02-11,10644.67
941,LIFEINSU,2024-02-12,10682.83
942,LIFEINSU,2024-02-13,10495.09
943,LIFEINSU,2024-02-14,10466.36
944,LIFEINSU,2024-02-15,10394.58
945,LIFEINSU,2024-02-18,10255.1
946,LIFEINSU,2024-02-20,10212.57
947,LIFEINSU,2024-02-21,10183.01
948,LIFEINSU,2024-02-22,10073.65
949,LIFEINSU,2024-02-25,10019.89
950,LIFEINSU,2024-02-26,10051.62
951,LIFEINSU,2024-02-27,10043.6
952,LIFEINSU,2024-02-28,9992.31
953,LIFEINSU,2024-02-29,9860.33
954,LIFEINSU,2024-03-03,9768.45
955,LIFEINSU,2024-03-04,10386.41
956,LIFEINSU,2024-03-05,10023.28
957,LIFEINSU,2024-03-06,10020.68
958,LIFEINSU,2024-03-07,10058.16
959,LIFEINSU,2024-03-10,10246.6
960,LIFEINSU,2024-03-12,10814.28
961,LIFEINSU,2024-03-13,10824.87
962,LIFEINSU,2024-03-14,10537.87
963,LIFEINSU,2024-03-17,10517.16
964,LIFEINSU,2024-03-18,10523.25
965,LIFEINSU,2024-03-19,10530.35
966,LIFEINSU,2024-03-20,10477.15
967,LIFEINSU,2024-03-21,10390.98
968,LIFEINSU,2024-03-25,10290.73
969,LIFEINSU,2024-03-26,10271.37
970,LIFEINSU,2024-03-27,10190.05
971,LIFEINSU,2024-03-28,10219.36
972,LIFEINSU,2024-03-31,10117.3
973,LIFEINSU,2024-04-01,10108.56
974,LIFEINSU,2024-04-02,10128.35
975,LIFEINSU,2024-04-03,10179.96
976,LIFEINSU,2024-04-04,10163.01
977,LIFEINSU,2024-04-07,10308.27
978,LIFEINSU,2024-04-09,10359.1
979,LIFEINSU,2024-04-10,10228.92
980,LIFEINSU,2024-04-14,10157.07
981,LIFEINSU,2024-04-15,10122.8
982,LIFEINSU,2024-04-16,10067.68
983,LIFEINSU,2024-04-18,10015.69
984,LIFEINSU,2024-04-21,10056.9
985,LIFEINSU,2024-04-22,9976.92
986,LIFEINSU,2024-04-24,9936.3
987,LIFEINSU,2024-04-25,9980.13
988,LIFEINSU,2024-04-28,10052.43
989,LIFEINSU,2024-04-29,10027.18
990,LIFEINSU,2024-04-30,10123.6
991,LIFEINSU,2024-05-02,10082.2
992,LIFEINSU,2024-05-05,9908.33
993,LIFEINSU,2024-05-06,9862.27
994,LIFEINSU,2024-05-07,9832.05
995,LIFEINSU,2024-05-08,9794.44
996,LIFEINSU,2024-05-09,9750.86
997,LIFEINSU,2024-05-12,9872.95
998,LIFEINSU,2024-05-13,9923.39
999,LIFEINSU,2024-05-14,10065.24
1000,LIFEINSU,2024-05-15,10040.97
1001,LIFEINSU,2024-05-16,9996.29
1002,LIFEINSU,2024-05-16,9996.29
1003,LIFEINSU,2024-05-19,10434.94
1004,LIFEINSU,2024-05-20,10426.57
1005,LIFEINSU,2024-05-21,10445.75
1006,LIFEINSU,2024-05-22,10384.04
1007,LIFEINSU,2024-05-26,10300.59
1008,LIFEINSU,2024-05-27,10342.35
1009,LIFEINSU,2024-05-29,10207.71
1010,LIFEINSU,2024-05-30,10092.13
1011,LIFEINSU,2024-06-02,10170.74
1012,LIFEINSU,2024-06-03,10149.97
1013,LIFEINSU,2024-06-04,10198.34
1014,LIFEINSU,2024-06-05,10142.86
1015,LIFEINSU,2024-06-06,10117.92
1016,LIFEINSU,2024-06-09,10048.25
1017,LIFEINSU,2024-06-10,10023.45
1018,LIFEINSU,2024-06-11,10264.57
1019,LIFEINSU,2024-06-12,10282.68
1020,LIFEINSU,2024-06-13,10229.86
1021,LIFEINSU,2024-06-16,10192.77
1022,LIFEINSU,2024-06-18,10092.18
1023,LIFEINSU,2024-06-19,10078.9
1024,LIFEINSU,2024-06-20,9996.89
1025,LIFEINSU,2024-06-23,9942.59
1026,LIFEINSU,2024-06-24,9923.81
1027,LIFEINSU,2024-06-25,9978.87
1028,LIFEINSU,2024-06-26,9917.33
1029,LIFEINSU,2024-06-27,9818.31
1030,LIFEINSU,2024-06-30,9773.22
1031,LIFEINSU,2024-07-01,9825.5
1032,LIFEINSU,2024-07-02,10038.87
1033,LIFEINSU,2024-07-03,10013.25
1034,LIFEINSU,2024-07-04,10210.89
1035,LIFEINSU,2024-07-07,10358.47
1036,LIFEINSU,2024-07-08,10301.81
1037,LIFEINSU,2024-07-09,10329.35
1038,LIFEINSU,2024-07-10,10409.03
1039,LIFEINSU,2024-07-11,10727.73
1040,LIFEINSU,2024-07-14,10948.59
1041,LIFEINSU,2024-07-15,10767.6
1042,LIFEINSU,2024-07-16,11086.45
1043,LIFEINSU,2024-07-17,11328.71
1044,LIFEINSU,2024-07-18,11475.03
1045,LIFEINSU,2024-07-21,11649.72
1046,LIFEINSU,2024-07-22,11651.35
1047,LIFEINSU,2024-07-23,12170.34
1048,LIFEINSU,2024-07-24,12132.21
1049,LIFEINSU,2024-07-25,12229.54
1050,LIFEINSU,2024-07-28,12747.44
1051,LIFEINSU,2024-07-29,12495.31
1052,LIFEINSU,2024-07-30,12568.03
1053,LIFEINSU,2024-07-31,12832.74
1054,LIFEINSU,2024-08-01,13307.47
1055,LIFEINSU,2024-08-05,13737.76
1056,LIFEINSU,2024-08-06,12867.61
1057,LIFEINSU,2024-08-07,13378.6
1058,LIFEINSU,2024-08-08,13338.29
1059,LIFEINSU,2024-08-11,13943.33
1060,LIFEINSU,2024-08-12,14759.15
1061,LIFEINSU,2024-08-13,14838.88
1062,LIFEINSU,2024-08-14,14822.93
1063,LIFEINSU,2024-08-15,14714.58
1064,LIFEINSU,2024-08-18,14716.25
1065,LIFEINSU,2024-08-21,14687.82
1066,LIFEINSU,2024-08-22,14730.05
1067,LIFEINSU,2024-08-25,14360.64
1068,LIFEINSU,2024-08-27,13836.13
1069,LIFEINSU,2024-08-28,13774.84
1070,LIFEINSU,2024-08-29,13486.03
1071,LIFEINSU,2024-09-01,13290.21
1072,LIFEINSU,2024-09-02,13914.48
1073,LIFEINSU,2024-09-03,14227.58
1074,LIFEINSU,2024-09-04,13698.88
1075,LIFEINSU,2024-09-05,13596.61
1076,LIFEINSU,2024-09-08,13403.17
1077,LIFEINSU,2024-09-09,13069.27
1078,LIFEINSU,2024-09-10,12969.09
1079,LIFEINSU,2024-09-11,12728.72
1080,LIFEINSU,2024-09-12,13169.99
1081,LIFEINSU,2024-09-15,12808.79
1082,LIFEINSU,2024-09-16,12563.83
1083,LIFEINSU,2024-09-18,12524.17
1084,LIFEINSU,2024-09-22,12554.92
1085,LIFEINSU,2024-09-23,12258.52
1086,LIFEINSU,2024-09-24,12108.38
1087,LIFEINSU,2024-09-25,12339.8
1088,LIFEINSU,2024-09-26,12224.58
1089,LIFEINSU,2024-09-29,12185.58
1090,LIFEINSU,2024-09-30,12402.78
1091,LIFEINSU,2024-10-01,12914.57
1092,LIFEINSU,2024-10-02,12861.92
1093,LIFEINSU,2024-10-06,13034.67
1094,LIFEINSU,2024-10-07,13179.54
1095,LIFEINSU,2024-10-08,13037.74
1096,LIFEINSU,2024-10-09,13035.95
1097,LIFEINSU,2024-10-15,13166.34
1098,LIFEINSU,2024-10-16,13403.96
1099,LIFEINSU,2024-10-17,13370.81
1100,LIFEINSU,2024-10-20,13055.34
1101,LIFEINSU,2024-10-21,12774.6
1102,LIFEINSU,2024-10-22,12837.89
1103,LIFEINSU,2024-10-23,12745.58
1104,LIFEINSU,2024-10-24,12679.06
1105,LIFEINSU,2024-10-27,12825.78
1106,LIFEINSU,2024-10-28,13062.43
1107,LIFEINSU,2024-10-29,13298.49
1108,LIFEINSU,2024-10-30,13167.47
1109,LIFEINSU,2024-11-05,13219.77
1110,LIFEINSU,2024-11-06,13201.46
1111,LIFEINSU,2024-11-10,13487.52
1112,LIFEINSU,2024-11-11,13712.16
1113,LIFEINSU,2024-11-12,13650.57
1114,LIFEINSU,2024-11-13,13487.94
1115,LIFEINSU,2024-11-14,13483.15
1116,LIFEINSU,2024-11-17,13512.77
1117,LIFEINSU,2024-11-19,13250.13
1118,LIFEINSU,2024-11-20,13225.5
1119,LIFEINSU,2024-11-21,13044.34
1120,LIFEINSU,2024-11-24,12971.71
1121,LIFEINSU,2024-11-25,13001.92
1122,LIFEINSU,2024-11-26,13134.59
1123,LIFEINSU,2024-11-27,13504.38
1124,LIFEINSU,2024-11-28,13567.88
1125,LIFEINSU,2024-12-01,13383.73
1126,LIFEINSU,2024-12-02,13645.66
1127,LIFEINSU,2024-12-03,13853.7
