"Symbol","Date","Open","High","Low","Close","Percent Change","Volume"
"INVESTMENT","2021-02-28","100","98.96","95.7","95.87","0.00 %","788,182,000.00"
"INVESTMENT","2021-03-01","95.16","98.05","92.65","97.66","0.00 %","543,932,000.00"
"INVESTMENT","2021-03-02","99.02","99.02","94.54","95.74","0.00 %","416,886,000.00"
"INVESTMENT","2021-03-03","95.97","96.14","92.82","93.48","0.00 %","388,350,000.00"
"INVESTMENT","2021-03-04","93.49","98.99","93.78","98.39","0.00 %","655,824,000.00"
"INVESTMENT","2021-03-07","98.5","99.76","96.4","96.64","0.00 %","550,928,000.00"
"INVESTMENT","2021-03-09","97.25","97.25","94.85","95.31","0.00 %","418,678,000.00"
"INVESTMENT","2021-03-10","95.78","96.4","94.79","95.33","0.00 %","362,810,000.00"
"INVESTMENT","2021-03-14","96.02","96.02","92.41","92.78","0.00 %","429,501,000.00"
"INVESTMENT","2021-03-15","94.14","95.21","92.42","93.3","0.00 %","529,269,000.00"
"INVESTMENT","2021-03-16","94.19","94.19","91.98","93.51","0.00 %","343,123,000.00"
"INVESTMENT","2021-03-17","93.63","94.98","93.41","94.77","0.00 %","410,911,000.00"
"INVESTMENT","2021-03-18","95.46","97.17","94.37","96.73","0.00 %","387,563,066.00"
"INVESTMENT","2021-03-21","96.77","98.42","96.76","97.97","0.00 %","363,556,000.00"
"INVESTMENT","2021-03-22","98.42","98.89","96.5","96.57","0.00 %","323,771,000.00"
"INVESTMENT","2021-03-23","95.93","98.37","95.56","97.6","0.00 %","646,698,000.00"
"INVESTMENT","2021-03-24","98.28","102.53","98.28","102.53","0.00 %","1,009,230,000.00"
"INVESTMENT","2021-03-25","103.89","106.54","103.49","103.72","0.00 %","1,105,400,000.00"
"INVESTMENT","2021-03-29","104.21","104.99","103.08","103.66","0.00 %","625,596,000.00"
"INVESTMENT","2021-03-30","103.66","104.48","103.13","104.03","0.00 %","802,538,000.00"
"INVESTMENT","2021-03-31","104.8","105.82","104.42","105.82","0.00 %","724,774,000.00"
"INVESTMENT","2021-04-01","107.58","107.58","104.39","104.73","0.00 %","388,903,000.00"
"INVESTMENT","2021-04-04","104.73","104.73","101.78","102.27","0.00 %","781,743,000.00"
"INVESTMENT","2021-04-05","102.51","102.71","100.96","101.41","0.00 %","479,117,000.00"
"INVESTMENT","2021-04-06","102.88","104.12","100.45","104.12","0.00 %","537,533,000.00"
"INVESTMENT","2021-04-07","104.12","104.69","102.37","102.4","0.00 %","388,926,000.00"
"INVESTMENT","2021-04-08","104.4","104.4","101.66","101.97","0.00 %","433,373,000.00"
"INVESTMENT","2021-04-12","101.81","102.47","101.53","101.64","0.00 %","415,618,000.00"
"INVESTMENT","2021-04-13","101.78","102.1","100.99","101.18","0.00 %","382,799,000.00"
"INVESTMENT","2021-04-15","103.32","103.43","101.45","102.77","0.00 %","699,432,000.00"
"INVESTMENT","2021-04-18","103.29","103.51","102.04","102.32","0.00 %","669,815,000.00"
"INVESTMENT","2021-04-19","103.32","102.26","100.08","101.74","0.00 %","835,909,000.00"
"INVESTMENT","2021-04-20","101.85","102.1","100.1","100.69","0.00 %","561,944,000.00"
"INVESTMENT","2021-04-21","101.33","101.33","99.11","99.26","0.00 %","600,769,000.00"
"INVESTMENT","2021-04-22","101.27","101.88","97.98","99.43","0.00 %","640,007,000.00"
"INVESTMENT","2021-04-25","100.3","100.3","95.73","96.07","0.00 %","728,306,000.00"
"INVESTMENT","2021-04-26","94.84","96.31","93.26","93.32","0.00 %","596,334,000.00"
"INVESTMENT","2021-04-27","92.91","97.66","92.91","97.66","0.00 %","457,430,000.00"
"INVESTMENT","2021-04-28","97.95","98.88","95.36","97.57","0.00 %","353,847,000.00"
"INVESTMENT","2021-04-29","99.45","99.45","96.92","97.45","0.00 %","358,526,000.00"
"INVESTMENT","2021-05-02","97.45","98.26","96.72","98.2","0.00 %","504,778,000.00"
"INVESTMENT","2021-05-03","98.6","100.23","98.39","98.66","0.00 %","622,595,000.00"
"INVESTMENT","2021-05-04","97.74","99.68","97.74","98.88","0.00 %","388,465,000.00"
"INVESTMENT","2021-05-05","99.14","99.28","98.35","98.37","0.00 %","287,685,000.00"
"INVESTMENT","2021-05-06","98.6","99.03","97.81","98.52","0.00 %","729,701,000.00"
"INVESTMENT","2021-05-09","98.82","99.16","97.42","97.66","0.00 %","532,752,000.00"
"INVESTMENT","2021-05-10","97.74","99.23","97.1","98.66","0.00 %","393,978,000.00"
"INVESTMENT","2021-05-11","99.23","100.38","98.6","100.15","0.00 %","509,970,000.00"
"INVESTMENT","2021-05-12","100.22","101.34","100.05","100.91","0.00 %","536,657,000.00"
"INVESTMENT","2021-05-13","101.99","101.99","100.39","100.51","0.00 %","437,457,000.00"
"INVESTMENT","2021-05-16","100.84","103.05","100.63","102.55","0.00 %","833,408,000.00"
"INVESTMENT","2021-05-17","101.88","104.3","101.88","102.8","0.00 %","515,712,000.00"
"INVESTMENT","2021-05-18","103.53","106.37","103.37","105.66","0.00 %","731,182,000.00"
"INVESTMENT","2021-05-19","106.63","106.84","103.33","103.8","0.00 %","554,480,000.00"
"INVESTMENT","2021-05-20","105.32","105.32","102.95","103.06","0.00 %","410,147,000.00"
"INVESTMENT","2021-05-23","101.77","103.95","100.76","103.14","0.00 %","518,231,000.00"
"INVESTMENT","2021-05-24","106.2","106.31","104.3","104.56","0.00 %","1,560,740,000.00"
"INVESTMENT","2021-05-25","107.34","107.34","103.26","103.38","0.00 %","546,796,000.00"
"INVESTMENT","2021-05-27","102.2","103.96","101.94","102.71","0.00 %","561,602,000.00"
"INVESTMENT","2021-05-30","103.51","104.28","102.22","102.43","0.00 %","601,026,000.00"
"INVESTMENT","2021-05-31","102.89","103.66","101.4","101.46","0.00 %","638,904,103.00"
"INVESTMENT","2021-06-01","102.04","102.42","100.3","100.61","0.00 %","413,789,492.00"
"INVESTMENT","2021-06-02","100.68","101.97","100.38","101.52","0.00 %","438,176,000.00"
"INVESTMENT","2021-06-03","102.05","103.1","101.46","101.59","0.00 %","619,933,000.00"
"INVESTMENT","2021-06-06","103.67","105.62","103.67","105.62","0.00 %","1,191,060,000.00"
"INVESTMENT","2021-06-07","106.37","107.35","104.96","105.53","0.00 %","730,271,000.00"
"INVESTMENT","2021-06-08","108.91","108.91","104.44","104.63","0.00 %","573,974,000.00"
"INVESTMENT","2021-06-09","105.05","105.63","103.34","103.61","0.00 %","587,586,000.00"
"INVESTMENT","2021-06-10","106.67","106.67","103.76","104.72","0.00 %","1,352,650,000.00"
"INVESTMENT","2021-06-13","106.02","108.5","106.02","107.21","0.00 %","416,915,000.00"
"INVESTMENT","2021-06-14","108.81","112.15","108.81","110.93","0.00 %","473,830,146.00"
"INVESTMENT","2021-06-15","114.73","116.38","110.11","113.22","0.00 %","917,359,885.00"
"INVESTMENT","2021-06-16","110.92","112.67","108.44","110.33","0.00 %","664,518,192.00"
"INVESTMENT","2021-06-17","111.78","111.78","109.03","110.12","0.00 %","560,132,000.00"
"INVESTMENT","2021-06-20","109.65","110.81","106.69","107.92","0.00 %","487,893,000.00"
"INVESTMENT","2021-06-21","107.92","108.65","104.63","107.4","0.00 %","868,419,000.00"
"INVESTMENT","2021-06-22","109.37","111.93","107.66","111.93","0.00 %","679,017,000.00"
"INVESTMENT","2021-06-23","113.52","114.12","110.72","110.91","0.00 %","519,528,624.00"
"INVESTMENT","2021-06-24","110.91","111.58","109.06","109.18","0.00 %","457,549,152.00"
"INVESTMENT","2021-06-27","109.61","111.29","107.87","109.76","0.00 %","497,731,661.00"
"INVESTMENT","2021-06-28","111.52","112.11","108.28","112.11","0.00 %","420,972,852.00"
"INVESTMENT","2021-06-29","112.11","112.11","107.96","108.26","0.00 %","495,139,464.00"
"INVESTMENT","2021-06-30","109.92","109.92","104.7","105.87","0.00 %","302,368,542.00"
"INVESTMENT","2021-07-01","107.85","108.72","105.93","107.08","0.00 %","258,679,640.00"
"INVESTMENT","2021-07-04","107.6","108.11","105.88","106.63","0.00 %","270,651,318.00"
"INVESTMENT","2021-07-05","106.54","107.28","104.66","107.22","0.00 %","308,677,440.00"
"INVESTMENT","2021-07-06","107.36","107.37","104.78","104.94","0.00 %","297,311,216.00"
"INVESTMENT","2021-07-07","104.94","105.3","103.01","104.09","0.00 %","228,220,246.00"
"INVESTMENT","2021-07-08","103.97","107.61","102.64","105.22","0.00 %","281,886,123.00"
"INVESTMENT","2021-07-11","105.51","108.12","105.46","108.04","0.00 %","390,466,026.00"
"INVESTMENT","2021-07-12","109.8","109.81","104.75","105.17","0.00 %","348,578,132.00"
"INVESTMENT","2021-07-13","105.85","107","104.93","105.52","0.00 %","241,765,617.00"
"INVESTMENT","2021-07-14","107.35","107.89","105.38","106.28","0.00 %","196,085,709.00"
"INVESTMENT","2021-07-15","106.27","106.94","105.54","106.26","0.00 %","213,026,777.00"
"INVESTMENT","2021-07-18","106.33","108.03","106.15","107.97","0.00 %","389,382,171.20"
"INVESTMENT","2021-07-19","108.87","110.72","107.67","109.83","0.00 %","397,538,895.20"
"INVESTMENT","2021-07-20","111.25","111.29","107.77","108.79","0.00 %","309,607,086.00"
"INVESTMENT","2021-07-22","108.81","109.75","108.13","108.49","0.00 %","363,113,282.80"
"INVESTMENT","2021-07-25","108.33","109.56","107.92","108.48","0.00 %","468,093,404.10"
"INVESTMENT","2021-07-26","108.77","109.17","108.2","108.33","0.00 %","374,726,511.30"
"INVESTMENT","2021-07-27","108.14","112.77","107.98","111.37","0.00 %","534,519,641.60"
"INVESTMENT","2021-07-28","111.35","115.1","111.18","114.6","0.00 %","504,238,739.60"
"INVESTMENT","2021-07-29","115.14","115.14","112.91","113.3","0.00 %","391,971,527.50"
"INVESTMENT","2021-08-01","113.93","116.69","112.27","115.13","0.00 %","541,027,978.80"
"INVESTMENT","2021-08-02","115.84","117.88","115.13","117.07","0.00 %","610,202,698.10"
"INVESTMENT","2021-08-03","117.26","119.06","116.27","117.28","0.00 %","511,554,726.30"
"INVESTMENT","2021-08-04","117.46","119.17","116.39","117.59","0.00 %","943,924,061.00"
"INVESTMENT","2021-08-05","118.22","118.79","115.3","115.63","0.00 %","612,937,059.80"
"INVESTMENT","2021-08-08","115.78","116.73","114.79","115.6","0.00 %","575,472,445.30"
"INVESTMENT","2021-08-09","115.59","116.43","114.18","115.26","0.00 %","526,133,761.70"
"INVESTMENT","2021-08-10","115.33","118.64","113.67","117.41","0.00 %","570,909,333.80"
"INVESTMENT","2021-08-11","117.38","118.25","115.37","116.34","0.00 %","855,756,758.60"
"INVESTMENT","2021-08-12","117.03","119.43","116.27","118.04","0.00 %","842,483,147.20"
"INVESTMENT","2021-08-15","115.22","119.44","113.28","118.77","0.00 %","817,733,958.30"
"INVESTMENT","2021-08-16","118.14","121.46","116.51","121.45","0.00 %","924,024,090.10"
"INVESTMENT","2021-08-17","120.63","121.92","118.68","121.52","0.00 %","1,017,459,847.30"
"INVESTMENT","2021-08-18","120.76","123.6","119.41","123.28","0.00 %","1,053,136,185.20"
"INVESTMENT","2021-08-19","123.69","123.8","117.83","118.35","0.00 %","1,019,467,223.20"
"INVESTMENT","2021-08-24","115.26","117.7","113","113.1","0.00 %","650,830,033.00"
"INVESTMENT","2021-08-25","112.5","114.4","109.73","110.89","0.00 %","492,545,212.00"
"INVESTMENT","2021-08-26","111.3","113.11","110.25","110.81","0.00 %","495,978,581.90"
"INVESTMENT","2021-08-29","111.42","112.96","108.53","108.8","0.00 %","434,589,061.40"
"INVESTMENT","2021-08-31","109.08","109.83","105.88","106.03","0.00 %","396,976,414.90"
"INVESTMENT","2021-09-01","105.96","108.78","104.97","106.11","0.00 %","320,624,745.60"
"INVESTMENT","2021-09-02","105.47","107.57","102.36","102.63","0.00 %","404,037,739.80"
"INVESTMENT","2021-09-05","103.25","103.25","96.76","97.71","0.00 %","472,445,868.20"
"INVESTMENT","2021-09-06","97.6","104.43","97.46","104.38","0.00 %","408,390,103.70"
"INVESTMENT","2021-09-07","105.39","106.85","102.32","103.94","0.00 %","331,112,098.60"
"INVESTMENT","2021-09-08","104.54","104.54","101.36","101.36","0.00 %","198,106,729.50"
"INVESTMENT","2021-09-09","101.36","103.38","101.01","101.53","0.00 %","159,503,505.90"
"INVESTMENT","2021-09-12","102.13","104.04","102.1","103.88","0.00 %","290,311,131.70"
"INVESTMENT","2021-09-13","104.49","106.39","102.74","103.24","0.00 %","318,609,697.70"
"INVESTMENT","2021-09-14","103.33","104.47","102.02","102.46","0.00 %","204,289,995.50"
"INVESTMENT","2021-09-15","103.19","103.84","100.44","100.56","0.00 %","186,841,472.10"
"INVESTMENT","2021-09-16","100.49","100.53","97.63","98.22","0.00 %","297,495,651.70"
"INVESTMENT","2021-09-20","98.2","99.2","92.76","92.93","0.00 %","325,064,985.80"
"INVESTMENT","2021-09-21","92.78","97.72","88.56","94.05","0.00 %","409,713,334.30"
"INVESTMENT","2021-09-22","94.83","98.63","94.84","97.94","0.00 %","243,579,486.50"
"INVESTMENT","2021-09-23","98.03","100.3","95.62","95.79","0.00 %","202,556,746.90"
"INVESTMENT","2021-09-26","96.22","96.39","92.41","92.46","0.00 %","165,184,149.00"
"INVESTMENT","2021-09-27","92.98","93.87","89.4","89.59","0.00 %","187,039,005.30"
"INVESTMENT","2021-09-28","89.59","90.74","85.6","86.05","0.00 %","208,985,352.90"
"INVESTMENT","2021-09-29","85.93","88.54","84.48","88.04","0.00 %","180,778,993.80"
"INVESTMENT","2021-09-30","87.2","90.12","86.91","86.95","0.00 %","110,454,399.70"
"INVESTMENT","2021-10-03","87.32","87.32","83.45","83.62","0.00 %","114,787,626.10"
"INVESTMENT","2021-10-04","83.57","84.57","81.44","82.98","0.00 %","107,496,722.50"
"INVESTMENT","2021-10-05","82.93","84.76","82.65","83.87","0.00 %","98,352,300.00"
"INVESTMENT","2021-10-06","84.08","86.3","84.09","86.06","0.00 %","114,177,051.90"
"INVESTMENT","2021-10-10","86.35","88.28","85.16","85.44","0.00 %","106,537,859.30"
"INVESTMENT","2021-10-11","85.88","88.28","85.16","85.44","0.00 %","106,537,859.30"
"INVESTMENT","2021-10-17","86.82","88.17","85.12","86.53","0.00 %","54,760,406.70"
"INVESTMENT","2021-10-18","85.81","86.53","83.95","84.35","0.00 %","107,371,188.40"
"INVESTMENT","2021-10-19","84.11","84.35","80.94","81.95","0.00 %","105,343,636.60"
"INVESTMENT","2021-10-20","81.98","85.14","81.98","83.43","0.00 %","130,033,379.50"
"INVESTMENT","2021-10-21","83.63","84.31","82.38","83","0.00 %","72,235,318.20"
"INVESTMENT","2021-10-24","83","83.73","82.65","83.34","0.00 %","81,912,506.10"
"INVESTMENT","2021-10-25","83.32","87.01","83.15","87.01","0.00 %","156,436,406.30"
"INVESTMENT","2021-10-26","87.36","91.61","87.36","90.92","0.00 %","207,905,349.90"
"INVESTMENT","2021-10-27","91.42","93.21","89.5","90.92","0.00 %","185,110,779.40"
"INVESTMENT","2021-10-28","90.92","92.07","89.41","91.29","0.00 %","130,452,432.90"
"INVESTMENT","2021-10-31","91.36","94.46","90.98","94.22","0.00 %","183,977,330.80"
"INVESTMENT","2021-11-01","95.15","96.21","93.81","94.57","0.00 %","229,315,507.30"
"INVESTMENT","2021-11-02","95.14","95.15","92.65","94.41","0.00 %","125,404,110.90"
"INVESTMENT","2021-11-03","94.68","95.97","93.83","94.23","0.00 %","176,323,982.60"
"INVESTMENT","2021-11-08","95.24","96.53","94.41","94.86","0.00 %","167,866,481.60"
"INVESTMENT","2021-11-09","94.86","95.87","91.19","92.32","0.00 %","233,768,167.10"
"INVESTMENT","2021-11-11","92","92.78","89.43","89.51","0.00 %","139,732,731.20"
"INVESTMENT","2021-11-14","89.47","89.47","85.91","86.32","0.00 %","207,997,763.10"
"INVESTMENT","2021-11-15","85.86","88.88","84.99","88.01","0.00 %","376,394,568.90"
"INVESTMENT","2021-11-16","88.09","89.6","87.16","89.6","0.00 %","236,820,782.70"
"INVESTMENT","2021-11-17","90.53","91.22","89.01","89.08","0.00 %","215,330,147.10"
"INVESTMENT","2021-11-18","88.33","89.36","87.45","87.58","0.00 %","190,577,803.10"
"INVESTMENT","2021-11-21","87.57","88.54","86.68","86.83","0.00 %","183,366,025.60"
"INVESTMENT","2021-11-22","86.8","87.78","86.73","87.55","0.00 %","160,695,548.80"
"INVESTMENT","2021-11-23","87.55","88.08","85.76","86.22","0.00 %","140,927,328.90"
"INVESTMENT","2021-11-24","86.67","87.53","85.04","86.77","0.00 %","184,281,886.00"
"INVESTMENT","2021-11-25","87.23","87.79","85.55","86.28","0.00 %","152,817,099.50"
"INVESTMENT","2021-11-28","86.28","86.35","82.84","83.25","0.00 %","262,697,664.60"
"INVESTMENT","2021-11-29","83.25","84.38","82.22","82.61","0.00 %","154,864,837.40"
"INVESTMENT","2021-11-30","82.67","83.58","81.43","82.18","0.00 %","120,881,950.30"
"INVESTMENT","2021-12-01","82","83.11","81.93","82.34","0.00 %","124,100,095.80"
"INVESTMENT","2021-12-02","81.9","82.82","80.65","80.88","0.00 %","125,165,921.00"
"INVESTMENT","2021-12-05","81.32","81.46","77.9","78.17","0.00 %","174,108,696.30"
"INVESTMENT","2021-12-06","78.17","79.64","74.44","78.84","0.00 %","217,936,206.20"
"INVESTMENT","2021-12-07","79.05","81.14","77.51","78.1","0.00 %","176,023,205.10"
"INVESTMENT","2021-12-08","78.1","78.71","75.65","76.16","0.00 %","115,418,575.50"
"INVESTMENT","2021-12-09","76.12","76.83","75.18","76.27","0.00 %","105,905,064.10"
"INVESTMENT","2021-12-12","75.92","76.93","73.05","73.05","0.00 %","146,085,143.50"
"INVESTMENT","2021-12-13","73.05","73.05","68.92","69.5","0.00 %","188,621,178.60"
"INVESTMENT","2021-12-14","69.51","75.13","69.5","75.06","0.00 %","92,847,166.30"
"INVESTMENT","2021-12-15","76.5","79.87","73.74","75.52","0.00 %","235,040,494.80"
"INVESTMENT","2021-12-16","75.53","75.98","73.76","74","0.00 %","115,862,288.00"
"INVESTMENT","2021-12-20","74.34","74.65","72.35","73.63","0.00 %","103,866,165.50"
"INVESTMENT","2021-12-21","73.67","75.28","73.66","75.05","0.00 %","97,342,799.70"
"INVESTMENT","2021-12-22","75.06","78.98","74.98","78.94","0.00 %","198,184,126.10"
"INVESTMENT","2021-12-23","78.95","80.16","77.81","79.01","0.00 %","151,905,495.20"
"INVESTMENT","2021-12-26","79.41","82.11","79.33","81.39","0.00 %","168,886,837.30"
"INVESTMENT","2021-12-27","81.85","81.84","78.25","78.35","0.00 %","179,827,005.90"
"INVESTMENT","2021-12-28","78.36","79.28","76.45","77.98","0.00 %","96,471,527.00"
"INVESTMENT","2021-12-29","77.99","78.69","77.37","77.73","0.00 %","73,528,303.80"
"INVESTMENT","2022-01-02","77.73","80.07","77.53","79.41","0.00 %","131,551,978.80"
"INVESTMENT","2022-01-03","80.15","81.77","79.58","80.89","0.00 %","163,752,369.10"
"INVESTMENT","2022-01-04","80.9","83.97","79.7","83.43","0.00 %","148,591,038.30"
"INVESTMENT","2022-01-05","83.44","84.61","82.06","82.13","0.00 %","224,956,824.60"
"INVESTMENT","2022-01-06","82.14","84.33","81.24","83.74","0.00 %","196,545,843.40"
"INVESTMENT","2022-01-09","83.74","87.21","83.74","87.21","0.00 %","355,034,030.30"
"INVESTMENT","2022-01-10","87.65","89.67","86.7","88.15","0.00 %","362,066,242.50"
"INVESTMENT","2022-01-11","89.07","90.78","87.65","90.08","0.00 %","286,356,945.50"
"INVESTMENT","2022-01-12","90.08","95.05","89.94","92.9","0.00 %","566,039,924.80"
"INVESTMENT","2022-01-13","93.89","96.27","92.76","95.95","0.00 %","514,377,406.20"
"INVESTMENT","2022-01-16","97.71","99.35","96.99","97.86","0.00 %","681,538,284.90"
"INVESTMENT","2022-01-17","97.93","99.12","96.63","97.6","0.00 %","462,036,582.60"
"INVESTMENT","2022-01-18","97.65","98.01","94.1","95.27","0.00 %","373,599,351.00"
"INVESTMENT","2022-01-19","95.28","95.51","93","93.76","0.00 %","343,442,484.20"
"INVESTMENT","2022-01-20","94.48","95.78","93.16","95.72","0.00 %","289,736,474.90"
"INVESTMENT","2022-01-23","95.73","97.39","94.09","94.63","0.00 %","302,070,147.20"
"INVESTMENT","2022-01-24","94.78","94.78","90.66","91.41","0.00 %","416,335,099.60"
"INVESTMENT","2022-01-25","92.05","92.76","88.84","91.04","0.00 %","269,094,082.80"
"INVESTMENT","2022-01-26","91.08","91.5","88.42","89.06","0.00 %","248,932,421.50"
"INVESTMENT","2022-01-27","89.07","90.64","89.01","89.54","0.00 %","288,429,349.50"
"INVESTMENT","2022-01-30","91.33","95.27","91.33","95.22","0.00 %","533,848,108.80"
"INVESTMENT","2022-01-31","96.22","98.34","94.54","97.3","0.00 %","937,978,988.00"
"INVESTMENT","2022-02-01","98.23","98.77","95.72","97.41","0.00 %","559,072,100.00"
"INVESTMENT","2022-02-03","98.04","99.43","96.67","96.84","0.00 %","630,187,732.30"
"INVESTMENT","2022-02-06","97.23","97.22","94.67","95.57","0.00 %","460,508,702.80"
"INVESTMENT","2022-02-07","94.33","99.03","94.33","98.49","0.00 %","840,667,771.60"
"INVESTMENT","2022-02-08","99.65","101.86","96.17","97.05","0.00 %","725,853,146.90"
"INVESTMENT","2022-02-09","97.05","97.33","94.82","96.09","0.00 %","378,715,171.20"
"INVESTMENT","2022-02-10","96.61","96.92","94.96","95.53","0.00 %","320,987,732.60"
"INVESTMENT","2022-02-13","94.45","94.45","90.45","90.73","0.00 %","576,900,433.50"
"INVESTMENT","2022-02-14","90.24","92","90.1","90.73","0.00 %","295,270,761.60"
"INVESTMENT","2022-02-15","90.22","93.41","90.22","92.99","0.00 %","217,447,127.40"
"INVESTMENT","2022-02-16","93.52","93.99","91.23","91.58","0.00 %","192,821,491.20"
"INVESTMENT","2022-02-17","91.59","92.31","90.93","91.24","0.00 %","140,395,024.30"
"INVESTMENT","2022-02-20","90.07","91.47","87.82","89.5","0.00 %","235,716,453.10"
"INVESTMENT","2022-02-21","89.96","90.96","89.55","90.6","0.00 %","155,693,606.20"
"INVESTMENT","2022-02-22","90.6","91.57","90.23","90.44","0.00 %","169,758,749.70"
"INVESTMENT","2022-02-23","90.45","91.21","90.05","90.3","0.00 %","254,764,846.40"
"INVESTMENT","2022-02-24","90.3","90.36","87.79","88.22","0.00 %","350,009,824.70"
"INVESTMENT","2022-02-27","87.83","89.75","87.27","88.06","0.00 %","192,603,643.00"
"INVESTMENT","2022-02-28","89.06","90.11","85.85","86.15","0.00 %","221,872,073.80"
"INVESTMENT","2022-03-02","86.39","86.38","83.18","83.42","0.00 %","258,420,617.50"
"INVESTMENT","2022-03-06","83.5","85.11","82.37","83.25","0.00 %","139,412,608.90"
"INVESTMENT","2022-03-07","83.26","84.43","82.45","82.69","0.00 %","108,924,254.60"
"INVESTMENT","2022-03-09","82.69","83.61","80.98","81.28","0.00 %","5,073,635.10"
"INVESTMENT","2022-03-10","81.29","84.74","80.42","84.69","0.00 %","182,772,115.20"
"INVESTMENT","2022-03-13","85.49","88.69","85.21","88.49","0.00 %","274,661,409.20"
"INVESTMENT","2022-03-14","88.97","89.24","86.99","87.81","0.00 %","82,894,682.00"
"INVESTMENT","2022-03-15","87.96","88.38","86.69","87.09","0.00 %","166,037,296.10"
"INVESTMENT","2022-03-16","87.1","88.08","86.38","86.58","0.00 %","149,591,410.10"
"INVESTMENT","2022-03-20","86.59","88.24","86.58","88.02","0.00 %","269,082.00"
"INVESTMENT","2022-03-21","88.45","89.64","87.32","88.94","0.00 %","158,036,578.80"
"INVESTMENT","2022-03-22","88.96","90.16","88.96","89.45","0.00 %","126,548,408.50"
"INVESTMENT","2022-03-23","89.46","89.9","88.43","88.64","0.00 %","119,841,236.40"
"INVESTMENT","2022-03-24","88.65","88.86","86.83","86.91","0.00 %","120,899,143.60"
"INVESTMENT","2022-03-27","86.94","87.59","85.37","85.55","0.00 %","180,732,337.00"
"INVESTMENT","2022-03-28","85.58","86.36","84.48","84.56","0.00 %","141,138,599.60"
"INVESTMENT","2022-03-29","84.6","85.94","84.19","84.47","0.00 %","93,083,587.80"
"INVESTMENT","2022-03-30","84.9","86.97","84.44","86.8","0.00 %","127,416,854.80"
"INVESTMENT","2022-03-31","86.85","87.72","85.87","86.14","0.00 %","231,571,640.00"
"INVESTMENT","2022-04-03","86.19","86.19","84.39","84.92","0.00 %","89,336,556.40"
"INVESTMENT","2022-04-04","84.97","85.42","83.73","84.5","0.00 %","141,629,888.50"
"INVESTMENT","2022-04-05","85.1","85.1","81.81","82.98","0.00 %","152,272,986.70"
"INVESTMENT","2022-04-06","82.84","83.18","81.03","81.67","0.00 %","120,826,321.70"
"INVESTMENT","2022-04-07","81.26","83.59","81.12","82.59","0.00 %","163,264,860.60"
"INVESTMENT","2022-04-11","83.44","84.84","80.6","80.65","0.00 %","201,971,123.40"
"INVESTMENT","2022-04-12","81.02","81.01","78.66","79.03","0.00 %","115,023,607.20"
"INVESTMENT","2022-04-13","79.04","80.37","77.95","79.6","0.00 %","107,383,049.20"
"INVESTMENT","2022-04-17","79.54","80.59","77.83","78.11","0.00 %","100,771,961.40"
"INVESTMENT","2022-04-18","78.25","78.25","76.2","76.54","0.00 %","116,235,765.72"
"INVESTMENT","2022-04-19","76.54","78.4","75.49","76.94","0.00 %","92,716,596.70"
"INVESTMENT","2022-04-20","76.81","77.67","75.54","75.78","0.00 %","72,599,375.70"
"INVESTMENT","2022-04-21","75.79","76.81","74.71","76.12","0.00 %","81,645,040.40"
"INVESTMENT","2022-04-24","76.19","80.76","76.12","80.45","0.00 %","144,926,694.30"
"INVESTMENT","2022-04-25","80.46","81.57","78.56","78.87","0.00 %","134,405,855.60"
"INVESTMENT","2022-04-26","78.88","79.34","77.56","77.78","0.00 %","61,968,799.60"
"INVESTMENT","2022-04-27","77.78","78.14","76.62","78.07","0.00 %","70,233,915.60"
"INVESTMENT","2022-04-28","78.08","78.91","76.9","77.13","0.00 %","85,639,807.30"
"INVESTMENT","2022-05-02","77.13","77.16","75.26","75.41","-2.23 %","89,483,768.70"
"INVESTMENT","2022-05-04","75.41","75.94","74.07","74.33","0.00 %","72,710,651.90"
"INVESTMENT","2022-05-05","74.4","74.89","72.34","72.71","0.00 %","92,776,108.10"
"INVESTMENT","2022-05-08","72.75","74.8","71.33","74.2","0.00 %","127,625,507.70"
"INVESTMENT","2022-05-09","74.25","75.64","73.85","74.13","0.00 %","71,706,175.60"
"INVESTMENT","2022-05-10","74.14","76.16","73.98","75.83","0.00 %","66,811,266.40"
"INVESTMENT","2022-05-11","75.52","78.25","75.51","78.1","0.00 %","93,162,562.40"
"INVESTMENT","2022-05-12","78.11","79.58","76.61","76.74","0.00 %","94,015,407.70"
"INVESTMENT","2022-05-17","76.74","76.74","73.98","74.15","0.00 %","75,906,322.90"
"INVESTMENT","2022-05-18","74.15","75.29","73.03","74.64","0.00 %","54,913,108.10"
"INVESTMENT","2022-05-19","74.64","75.18","73.33","73.58","0.00 %","60,750,693.80"
"INVESTMENT","2022-05-20","73.59","74.15","72.88","72.96","0.00 %","4,728,507.20"
"INVESTMENT","2022-05-23","73.16","73.46","71.22","71.69","0.00 %","79,381,722.70"
"INVESTMENT","2022-05-24","71.69","73.12","70.93","72.04","0.00 %","54,582,289.80"
"INVESTMENT","2022-05-25","72.04","73.25","72.04","72.15","0.00 %","56,866,023.60"
"INVESTMENT","2022-05-26","72.56","73.09","72.05","72.39","0.00 %","2,486,329.80"
"INVESTMENT","2022-05-27","72.29","73.2","71.61","71.87","0.00 %","49,847,191.00"
"INVESTMENT","2022-05-30","71.87","72.27","70.19","70.27","0.00 %","72,672,811.20"
"INVESTMENT","2022-05-31","70.2","71","68.81","69.45","0.00 %","85,021,145.30"
"INVESTMENT","2022-06-01","69.45","70.58","68.77","69.32","0.00 %","54,662,540.70"
"INVESTMENT","2022-06-02","69.32","69.99","68.83","68.96","0.00 %","51,991,408.80"
"INVESTMENT","2022-06-03","68.59","69.26","67.47","67.64","0.00 %","73,816,600.70"
"INVESTMENT","2022-06-06","67.97","68.93","67.31","67.39","0.00 %","0.00"
"INVESTMENT","2022-06-07","67.44","67.79","65.65","65.88","0.00 %","65,688,204.60"
"INVESTMENT","2022-06-08","65.85","68.68","65.85","67.8","0.00 %","86,811,220.90"
"INVESTMENT","2022-06-09","67.66","69.37","66.93","67.38","0.00 %","0.00"
"INVESTMENT","2022-06-10","67.61","67.92","66.22","66.73","0.00 %","48,695,506.10"
"INVESTMENT","2022-06-13","66.73","67.11","65.66","65.81","0.00 %","40,792,621.20"
"INVESTMENT","2022-06-14","65.81","65.97","64.37","64.73","0.00 %","72,959,169.70"
"INVESTMENT","2022-06-15","64.73","64.8","62.41","63.16","0.00 %","86,777,203.80"
"INVESTMENT","2022-06-16","63.21","64.21","62.24","63.1","0.00 %","54,089,967.90"
"INVESTMENT","2022-06-17","63.11","64.07","62.56","62.73","0.00 %","25,489,833.80"
"INVESTMENT","2022-06-19","62.74","63.45","61.22","61.31","0.00 %","54,015,026.70"
"INVESTMENT","2022-06-20","61.31","61.31","59.18","59.6","0.00 %","1,309,565.20"
"INVESTMENT","2022-06-21","59.47","61.99","59.11","61.47","0.00 %","63,380,356.70"
"INVESTMENT","2022-06-22","61.48","61.63","59.98","60.43","0.00 %","33,169,055.40"
"INVESTMENT","2022-06-23","60.14","60.5","58.02","58.31","0.00 %","74,758,435.50"
"INVESTMENT","2022-06-24","58.31","60.31","56.35","58.57","0.00 %","59,665,956.00"
"INVESTMENT","2022-06-26","58.81","63.82","58.8","63.76","0.00 %","85,189,965.00"
"INVESTMENT","2022-06-27","64.94","67.68","63.98","64.4","0.00 %","234,011,952.40"
"INVESTMENT","2022-06-28","64.41","64.4","62.69","63.34","0.00 %","88,242,734.50"
"INVESTMENT","2022-06-29","64.51","65.42","62.49","65.13","0.00 %","2,974,704.80"
"INVESTMENT","2022-06-30","65.47","67.33","64.71","67.07","0.00 %","136,567,107.90"
"INVESTMENT","2022-07-01","66.79","67.8","65.84","66.48","0.00 %","55,665,960.50"
"INVESTMENT","2022-07-03","66.48","68.84","65.78","68.84","0.00 %","115,644,040.90"
"INVESTMENT","2022-07-04","69.16","72.04","67.82","68.79","0.00 %","240,472,488.40"
"INVESTMENT","2022-07-05","68.77","69.82","66.4","66.58","0.00 %","139,524,817.60"
"INVESTMENT","2022-07-06","66.9","67.3","65.05","66.96","0.00 %","1,939,445.50"
"INVESTMENT","2022-07-07","67.12","69.23","66.08","66.27","0.00 %","75,601,439.60"
"INVESTMENT","2022-07-08","66.62","66.84","64.62","64.85","0.00 %","70,693,187.50"
"INVESTMENT","2022-07-11","64.82","64.81","61.74","62.05","0.00 %","118,362,622.60"
"INVESTMENT","2022-07-12","62.06","63.48","61.65","62.66","0.00 %","1,429,946.10"
"INVESTMENT","2022-07-13","62.63","65.13","62.63","65.11","0.00 %","0.00"
"INVESTMENT","2022-07-14","65.37","66.44","64.32","65.09","0.00 %","103,195,865.90"
"INVESTMENT","2022-07-15","65.09","65.8","64.34","64.52","0.00 %","48,650,296.40"
"INVESTMENT","2022-07-17","64.53","65.68","64.19","65.11","0.00 %","59,804,869.90"
"INVESTMENT","2022-07-18","65.11","66.62","64.63","66.2","0.00 %","77,553,761.40"
"INVESTMENT","2022-07-19","66.21","67.71","65.89","66.55","0.00 %","120,134,412.30"
"INVESTMENT","2022-07-20","66.56","67.43","66.09","66.98","0.00 %","2,050,711.80"
"INVESTMENT","2022-07-21","67.03","67.03","66.07","66.32","0.00 %","68,159,958.00"
"INVESTMENT","2022-07-22","66.65","66.65","65.28","65.39","0.00 %","74,540,235.90"
"INVESTMENT","2022-07-24","66.52","67.55","65.73","67.49","0.00 %","129,540,098.90"
"INVESTMENT","2022-07-25","67.49","69.46","67.49","69.23","0.00 %","156,249,148.20"
"INVESTMENT","2022-07-26","69.38","70.04","67.43","67.46","0.00 %","164,489,700.40"
"INVESTMENT","2022-07-27","67.46","68.2","66.6","68.15","0.00 %","115,719,440.20"
"INVESTMENT","2022-07-28","68.15","72.45","68.15","70.16","0.00 %","312,598,362.90"
"INVESTMENT","2022-07-29","70.77","71.95","70.4","70.76","0.00 %","135,797,199.40"
"INVESTMENT","2022-07-31","71.13","74.21","71.14","74.13","0.00 %","286,218,951.20"
"INVESTMENT","2022-08-01","75.39","75.9","73.49","74.63","0.00 %","319,270,636.30"
"INVESTMENT","2022-08-02","74.64","75.18","73.5","74.19","0.00 %","157,745,368.30"
"INVESTMENT","2022-08-03","74.2","75.37","73.84","74","0.00 %","172,184,482.80"
"INVESTMENT","2022-08-04","74.18","74.3","72.31","72.4","0.00 %","162,900,870.10"
"INVESTMENT","2022-08-05","72.56","72.64","70.58","70.9","0.00 %","115,654,140.40"
"INVESTMENT","2022-08-07","70.14","72.35","70.14","71.17","0.00 %","112,067,190.50"
"INVESTMENT","2022-08-08","71.52","71.77","69.74","70.19","0.00 %","180,029,794.40"
"INVESTMENT","2022-08-09","70.82","70.9","68.72","68.87","0.00 %","247,661,545.90"
"INVESTMENT","2022-08-10","69.49","70.69","68.39","69.34","0.00 %","158,253,446.00"
"INVESTMENT","2022-08-11","70.01","70.2","67.97","68.1","0.00 %","91,570,124.00"
"INVESTMENT","2022-08-14","67.78","68.35","65.97","66.24","0.00 %","97,812,832.80"
"INVESTMENT","2022-08-15","65.97","68.19","65.97","68.1","0.00 %","83,928,215.70"
"INVESTMENT","2022-08-16","68.43","69.09","66.88","67.05","0.00 %","100,606,256.30"
"INVESTMENT","2022-08-17","67.05","67.54","66.62","66.91","0.00 %","45,985,377.70"
"INVESTMENT","2022-08-18","66.85","68.09","66.84","67.89","0.00 %","80,342,791.80"
"INVESTMENT","2022-08-21","67.89","68.99","67.23","67.36","-99.01 %","50,287,397.50"
"INVESTMENT","2022-08-22","67.37","67.61","66.71","67.08","-99.00 %","51,522,997.40"
"INVESTMENT","2022-08-23","67.08","67.66","66.77","67.08","-99.00 %","34,028,054.40"
"INVESTMENT","2022-08-24","66.84","67.85","66.77","67.15","-99.00 %","41,676,278.30"
"INVESTMENT","2022-08-25","66.75","67.48","66.53","66.63","-99.01 %","48,976,394.50"
"INVESTMENT","2022-08-26","66.64","66.63","65.79","65.94","-99.01 %","44,044,010.20"
"INVESTMENT","2022-08-28","65.66","66.01","64.27","64.32","-2.46 %","77,170,140.80"
"INVESTMENT","2022-08-29","64.32","64.45","63.37","63.94","-0.59 %","59,140,871.50"
"INVESTMENT","2022-08-30","64.25","65.09","63.98","64.13","0.30 %","33,991,337.20"
"INVESTMENT","2022-08-31","64.06","64.21","63.42","63.51","-0.97 %","40,433,177.60"
"INVESTMENT","2022-09-01","63.2","64.15","62.93","63.4","-0.17 %","50,666,620.40"
"INVESTMENT","2022-09-02","63.44","63.94","63.11","63.24","-0.25 %","19,651,640.90"
"INVESTMENT","2022-09-04","63.25","63.93","63.13","63.31","0.11 %","31,677,424.70"
"INVESTMENT","2022-09-05","63.32","63.7","62.95","62.99","-0.51 %","28,447,235.60"
"INVESTMENT","2022-09-06","62.98","63.25","62.02","62.19","-1.27 %","47,954,520.30"
"INVESTMENT","2022-09-07","61.91","62.37","61.26","61.39","-1.29 %","28,877,432.70"
"INVESTMENT","2022-09-08","61.39","61.89","60.56","61.4","0.02 %","41,996,094.10"
"INVESTMENT","2022-09-11","61.51","62.1","60.63","60.78","-1.01 %","37,029,706.40"
"INVESTMENT","2022-09-12","60.78","61.01","60.1","60.36","-0.69 %","34,319,282.50"
"INVESTMENT","2022-09-13","60.37","61.75","60.06","61.31","1.57 %","39,045,236.50"
"INVESTMENT","2022-09-14","61.32","63","61.25","62.88","2.56 %","55,978,482.40"
"INVESTMENT","2022-09-15","62.92","63.63","60.54","60.81","-3.29 %","66,139,166.70"
"INVESTMENT","2022-09-16","60.83","60.82","58.95","60.05","-1.25 %","37,594,912.50"
"INVESTMENT","2022-09-18","60.09","60.43","58.79","58.92","-1.88 %","50,498,752.60"
"INVESTMENT","2022-09-20","58.65","58.92","56.75","57.09","-3.11 %","55,852,296.60"
"INVESTMENT","2022-09-21","57.1","58.44","57.05","57.44","0.61 %","33,667,457.80"
"INVESTMENT","2022-09-22","57.44","57.75","56.97","57.09","-0.61 %","35,346,886.80"
"INVESTMENT","2022-09-25","56.82","56.82","55.14","55.48","-2.82 %","52,381,856.30"
"INVESTMENT","2022-09-27","55.49","56.2","55.48","55.71","0.41 %","29,016,169.60"
"INVESTMENT","2022-09-28","55.72","56.66","55.54","55.98","0.48 %","22,099,324.40"
"INVESTMENT","2022-09-29","55.98","56.89","55.98","56.78","1.43 %","28,504,775.80"
"INVESTMENT","2022-10-09","56.78","58.52","56.62","58.16","2.43 %","32,332,020.30"
"INVESTMENT","2022-10-10","58.16","59","57.27","57.38","-1.34 %","28,385,617.70"
"INVESTMENT","2022-10-11","57.39","57.38","56.42","56.59","-1.38 %","29,427,308.20"
"INVESTMENT","2022-10-12","56.6","57.3","56.12","56.8","0.37 %","23,198,795.90"
"INVESTMENT","2022-10-13","56.8","57.44","56.44","56.92","0.21 %","29,220,852.40"
"INVESTMENT","2022-10-16","56.92","57.15","55.84","55.96","-1.69 %","35,197,877.40"
"INVESTMENT","2022-10-17","55.96","56","55.46","55.61","-0.63 %","23,804,595.50"
"INVESTMENT","2022-10-19","55.61","56.08","55.05","55.08","-0.95 %","27,225,155.20"
"INVESTMENT","2022-10-20","55.09","55.43","54.61","55.18","0.18 %","26,898,329.90"
"INVESTMENT","2022-10-23","55.18","55.79","55.18","55.6","0.76 %","19,439,345.60"
"INVESTMENT","2022-10-31","55.6","56.08","55.28","55.73","0.00 %","529,437.00"
"INVESTMENT","2022-11-01","55.75","58.06","55.53","58.05","4.16 %","53,978,876.00"
"INVESTMENT","2022-11-02","57.99","59.16","57.12","58.33","0.48 %","64,460,767.10"
"INVESTMENT","2022-11-03","58.61","58.61","57.36","57.95","-0.65 %","29,739,441.30"
"INVESTMENT","2022-11-06","57.96","59.19","57.47","59.09","1.97 %","44,647,486.20"
"INVESTMENT","2022-11-07","58.95","60.19","58.87","59.1","0.02 %","74,807,385.20"
"INVESTMENT","2022-11-08","59.14","59.7","58.79","58.99","-0.19 %","39,294,847.40"
"INVESTMENT","2022-11-09","59.06","59.55","57.3","57.34","-2.80 %","53,638,390.20"
"INVESTMENT","2022-11-10","57.42","58.08","56.25","56.36","-1.71 %","35,791,080.50"
"INVESTMENT","2022-11-13","56.36","56.81","55.82","55.98","-0.67 %","27,686,449.90"
"INVESTMENT","2022-11-14","55.99","56.9","55.83","56.76","1.39 %","24,270,739.80"
"INVESTMENT","2022-11-15","56.76","57.55","56.46","56.65","-0.19 %","30,149,425.40"
"INVESTMENT","2022-11-16","57.13","57.55","56.72","57.14","0.86 %","42,041,939.30"
"INVESTMENT","2022-11-17","57.69","58.36","57.31","57.84","1.23 %","54,832,539.30"
"INVESTMENT","2022-11-22","58.1","59.02","57.4","57.49","-0.61 %","43,527,239.70"
"INVESTMENT","2022-11-23","57.49","57.69","56.89","57.16","-0.57 %","20,482,204.10"
"INVESTMENT","2022-11-24","57.16","57.3","56.81","57.2","0.07 %","28,014,232.80"
"INVESTMENT","2022-11-27","57.2","57.95","57.07","57.93","1.28 %","47,747,023.90"
"INVESTMENT","2022-11-28","57.93","59.11","57.44","57.65","-0.48 %","55,519,756.80"
"INVESTMENT","2022-11-29","57.69","57.74","57.19","57.58","-0.12 %","26,982,572.00"
"INVESTMENT","2022-11-30","57.58","57.76","57.02","57.35","-0.40 %","17,015,667.50"
"INVESTMENT","2022-12-01","57.35","57.81","57.04","57.32","-0.05 %","42,053,547.40"
"INVESTMENT","2022-12-04","57.32","58.26","57.27","57.77","0.79 %","62,247,359.20"
"INVESTMENT","2022-12-05","57.77","58.01","57.06","57.16","-1.06 %","48,461,645.20"
"INVESTMENT","2022-12-06","57.16","57.61","56.54","56.64","-0.91 %","30,693,523.90"
"INVESTMENT","2022-12-07","56.64","56.93","56.34","56.48","-0.28 %","33,772,419.10"
"INVESTMENT","2022-12-11","56.48","56.97","55.64","55.79","-1.22 %","35,018,926.80"
"INVESTMENT","2022-12-12","55.79","56.39","55.37","56.08","0.52 %","34,665,877.00"
"INVESTMENT","2022-12-13","56.11","56.59","55.8","56.03","-0.09 %","20,318,537.70"
"INVESTMENT","2022-12-14","56.03","56.36","55.83","56.07","0.07 %","18,736,723.80"
"INVESTMENT","2022-12-15","56.3","56.6","55.55","55.62","-0.80 %","24,237,669.60"
"INVESTMENT","2022-12-18","55.62","55.82","54.95","55.13","-0.88 %","28,971,696.80"
"INVESTMENT","2022-12-19","55.13","55.48","54.92","55.28","0.27 %","22,722,486.30"
"INVESTMENT","2022-12-20","55.28","55.67","55.15","55.39","0.20 %","18,613,106.20"
"INVESTMENT","2022-12-21","55.59","55.61","55.06","55.09","-0.54 %","22,093,415.10"
"INVESTMENT","2022-12-22","55.09","55.15","54.75","54.98","-0.20 %","22,225,034.70"
"INVESTMENT","2022-12-26","55.05","57.3","55.05","57.28","4.18 %","63,603,773.40"
"INVESTMENT","2022-12-27","57.33","61.64","57.33","60.96","6.42 %","182,057,130.00"
"INVESTMENT","2022-12-28","61.52","61.55","59.61","60.3","-1.08 %","112,628,923.90"
"INVESTMENT","2022-12-29","60.53","62.26","59.7","62.05","2.90 %","101,165,785.10"
"INVESTMENT","2023-01-01","62.14","63.68","61.83","62.67","1.00 %","134,000,998.50"
"INVESTMENT","2023-01-02","62.67","63.21","61.77","62.81","0.22 %","74,028,158.40"
"INVESTMENT","2023-01-03","62.81","63.1","61.84","62.46","-0.56 %","87,202,700.30"
"INVESTMENT","2023-01-04","63.02","66.4","62.43","66.04","5.73 %","155,473,032.20"
"INVESTMENT","2023-01-05","66.63","68.54","66.36","68.11","3.13 %","173,882,518.10"
"INVESTMENT","2023-01-08","68.43","71.13","66.57","69.39","1.88 %","223,508,480.79"
"INVESTMENT","2023-01-09","69.39","71.36","69.24","71.14","2.52 %","192,279,887.90"
"INVESTMENT","2023-01-10","71.36","74.14","68.47","70.3","-1.18 %","327,663,345.90"
"INVESTMENT","2023-01-12","70.6","72.81","67.79","68.18","-3.02 %","234,663,861.20"
"INVESTMENT","2023-01-17","68.18","70.58","67.15","70.16","2.90 %","169,005,943.00"
"INVESTMENT","2023-01-18","70.04","71.62","69.32","69.55","-0.87 %","163,673,289.80"
"INVESTMENT","2023-01-19","69.55","71.47","69.04","70.79","1.78 %","193,201,347.00"
"INVESTMENT","2023-01-23","71.14","71.65","69.39","69.6","-1.68 %","188,013,594.80"
"INVESTMENT","2023-01-24","69.6","69.65","67.68","69.16","-0.63 %","122,766,294.00"
"INVESTMENT","2023-01-25","69.16","70.33","68.92","69.31","0.22 %","119,127,093.80"
"INVESTMENT","2023-01-26","69.02","70.22","69.02","69.37","0.09 %","87,782,082.00"
"INVESTMENT","2023-01-29","69.17","69.89","68.13","68.17","-1.73 %","102,769,865.10"
"INVESTMENT","2023-01-30","68.13","69.04","66.14","66.29","-2.76 %","117,951,889.60"
"INVESTMENT","2023-01-31","66.29","66.65","65.11","65.42","-1.31 %","104,101,362.70"
"INVESTMENT","2023-02-01","65.42","65.83","64.85","65.06","-0.55 %","57,069,341.90"
"INVESTMENT","2023-02-02","65.06","66.18","64.21","64.34","-1.11 %","74,002,341.90"
"INVESTMENT","2023-02-05","64.34","65.56","64.24","64.6","0.40 %","75,848,474.90"
"INVESTMENT","2023-02-06","64.61","65.14","64.15","64.79","0.29 %","56,940,548.80"
"INVESTMENT","2023-02-07","64.51","68.84","64.51","68.84","6.25 %","144,676,816.80"
"INVESTMENT","2023-02-08","69.38","70.73","68.29","68.81","-0.04 %","174,252,963.00"
"INVESTMENT","2023-02-09","68.81","69.64","68.01","69.47","0.96 %","84,014,758.00"
"INVESTMENT","2023-02-12","69.88","69.88","66.6","66.84","-3.79 %","133,139,802.20"
"INVESTMENT","2023-02-14","66.7","67.1","66","66.16","-1.02 %","75,994,195.80"
"INVESTMENT","2023-02-15","66.1","66.95","65.49","65.67","-0.74 %","59,479,755.60"
"INVESTMENT","2023-02-16","65.67","66.36","64.75","64.85","-1.25 %","70,466,718.30"
"INVESTMENT","2023-02-20","64.83","65.69","63.86","64.33","-0.80 %","68,304,253.30"
"INVESTMENT","2023-02-22","64.33","66.28","64.33","65.96","2.53 %","75,526,348.70"
"INVESTMENT","2023-02-23","65.96","65.96","64.37","64.84","-1.70 %","69,427,295.70"
"INVESTMENT","2023-02-26","64.84","65.33","62.57","65.23","0.60 %","93,830,573.90"
"INVESTMENT","2023-02-27","65.23","65.92","63.82","64.89","-0.52 %","77,681,712.40"
"INVESTMENT","2023-02-28","65.2","66.05","64.49","65.56","1.03 %","70,548,436.10"
"INVESTMENT","2023-03-01","65.56","65.87","64.88","64.98","-0.88 %","45,273,532.60"
"INVESTMENT","2023-03-02","64.98","64.98","63.93","64.05","-1.43 %","49,705,237.80"
"INVESTMENT","2023-03-05","64.05","64.35","62.84","62.97","-1.69 %","67,842,356.60"
"INVESTMENT","2023-03-07","62.97","63.97","62.8","63.67","1.11 %","44,639,401.20"
"INVESTMENT","2023-03-09","63.39","65.78","63.69","65.75","3.27 %","68,632,066.40"
"INVESTMENT","2023-03-12","65.77","66.29","64.46","64.7","-1.60 %","87,574,948.60"
"INVESTMENT","2023-03-13","64.7","64.7","63.85","64.08","-0.96 %","42,279,632.20"
"INVESTMENT","2023-03-14","63.77","64.83","63.63","64.52","0.69 %","37,980,047.50"
"INVESTMENT","2023-03-15","64.52","64.85","63.72","64.09","-0.67 %","41,335,379.30"
"INVESTMENT","2023-03-16","64.09","64.73","63.65","64.31","0.34 %","43,988,167.10"
"INVESTMENT","2023-03-19","64.31","64.65","64","64.47","0.25 %","37,141,696.10"
"INVESTMENT","2023-03-20","64.47","65.66","64.26","65.6","1.75 %","49,441,065.50"
"INVESTMENT","2023-03-22","65.6","66.38","65.2","65.26","-0.52 %","55,017,426.40"
"INVESTMENT","2023-03-23","65.26","65.26","64.24","64.45","-1.24 %","45,070,873.90"
"INVESTMENT","2023-03-26","64.45","64.45","63.52","63.81","-0.99 %","49,701,417.70"
"INVESTMENT","2023-03-27","63.81","64.52","63.01","64.33","0.81 %","55,725,655.90"
"INVESTMENT","2023-03-28","64.48","65.43","64.35","64.95","0.96 %","55,122,419.00"
"INVESTMENT","2023-03-29","64.95","65.3","64.25","65.09","0.22 %","30,746,932.30"
"INVESTMENT","2023-03-30","65.09","65.49","64.58","64.72","-0.57 %","30,472,858.10"
"INVESTMENT","2023-04-02","65","65.98","63.78","63.97","-1.16 %","42,356,847.70"
"INVESTMENT","2023-04-03","63.97","64.03","63.28","63.32","-1.02 %","42,456,516.00"
"INVESTMENT","2023-04-04","63.32","64.17","62.98","63.3","-0.03 %","36,192,380.10"
"INVESTMENT","2023-04-05","63.3","63.9","62.86","63.68","0.60 %","27,289,963.90"
"INVESTMENT","2023-04-06","63.68","63.97","62.98","63.05","-0.99 %","40,394,582.90"
"INVESTMENT","2023-04-09","63.05","63.36","62.12","62.39","-1.05 %","47,305,923.70"
"INVESTMENT","2023-04-10","62.39","62.8","61.95","62.48","0.14 %","33,158,174.20"
"INVESTMENT","2023-04-11","62.74","63.64","62.45","63.27","1.26 %","35,171,471.40"
"INVESTMENT","2023-04-12","63.69","66.15","63.69","65.96","4.25 %","80,332,907.00"
"INVESTMENT","2023-04-13","66.36","67.07","65","65.36","-0.91 %","76,146,071.10"
"INVESTMENT","2023-04-16","65.36","65.63","64.56","65.13","-0.35 %","41,592,325.50"
"INVESTMENT","2023-04-17","65.13","65.29","63.99","64.1","-1.58 %","35,237,344.20"
"INVESTMENT","2023-04-18","64.1","64.81","63.21","63.74","-0.56 %","42,928,532.20"
"INVESTMENT","2023-04-19","64.06","64.62","63.97","64.37","0.99 %","39,723,765.90"
"INVESTMENT","2023-04-20","64.37","64.76","63.48","63.62","-1.17 %","25,689,612.40"
"INVESTMENT","2023-04-23","63.89","64.1","62.92","63.1","-0.82 %","32,729,960.80"
"INVESTMENT","2023-04-24","63.1","63.64","62.78","63.03","-0.11 %","23,071,672.40"
"INVESTMENT","2023-04-25","63.03","64.08","62.86","63.92","1.41 %","35,866,627.40"
"INVESTMENT","2023-04-26","64.2","64.4","62.9","63.07","-1.33 %","30,215,979.30"
"INVESTMENT","2023-04-27","63.07","63.43","62.81","63.01","-0.10 %","24,742,661.50"
"INVESTMENT","2023-04-30","62.85","63.29","62.5","62.67","-0.54 %","39,512,976.50"
"INVESTMENT","2023-05-02","62.99","63.36","62.45","62.52","-0.24 %","31,798,636.50"
"INVESTMENT","2023-05-03","62.52","62.59","62.11","62.43","-0.14 %","26,309,803.90"
"INVESTMENT","2023-05-04","62.44","62.99","61.92","62.63","0.32 %","29,188,879.20"
"INVESTMENT","2023-05-07","62.63","62.74","61.92","61.93","-1.12 %","24,075,399.30"
"INVESTMENT","2023-05-08","61.93","62.21","61.33","61.62","-0.50 %","30,379,776.20"
"INVESTMENT","2023-05-09","61.62","62.41","61.43","62.11","0.80 %","34,819,882.90"
"INVESTMENT","2023-05-10","62.12","62.73","61.61","61.89","-0.35 %","21,905,715.80"
"INVESTMENT","2023-05-11","61.74","62.24","61.74","61.88","-0.02 %","26,917,090.90"
"INVESTMENT","2023-05-14","62.4","63.67","62.15","62.58","1.13 %","78,611,425.20"
"INVESTMENT","2023-05-15","62.58","63.1","61.76","62.52","-0.10 %","44,272,627.60"
"INVESTMENT","2023-05-16","62.3","62.93","61.85","62.72","0.32 %","31,128,754.60"
"INVESTMENT","2023-05-17","62.72","63.6","62.72","63.42","1.12 %","39,009,147.60"
"INVESTMENT","2023-05-18","63.43","64.99","63.15","64.61","1.88 %","72,066,394.20"
"INVESTMENT","2023-05-21","64.62","66.02","64.43","64.83","0.34 %","87,556,036.30"
"INVESTMENT","2023-05-22","64.84","65.6","64.14","65","0.26 %","58,364,308.20"
"INVESTMENT","2023-05-23","65.01","66.83","64.89","66.83","2.82 %","98,835,692.20"
"INVESTMENT","2023-05-24","66.78","67.52","65.89","67.17","0.51 %","78,076,914.90"
"INVESTMENT","2023-05-28","67.18","69.07","66.57","66.95","-0.33 %","198,698,749.60"
"INVESTMENT","2023-05-30","66.95","67.2","65.05","65.18","-2.64 %","161,892,014.90"
"INVESTMENT","2023-05-31","65.02","65.59","63.4","63.7","-2.27 %","110,189,438.40"
"INVESTMENT","2023-06-01","63.98","65.15","63.2","64.55","1.33 %","79,979,508.70"
"INVESTMENT","2023-06-04","64.56","67.1","64.56","66.17","2.51 %","92,580,438.80"
"INVESTMENT","2023-06-05","66.57","67.01","65.62","65.63","-0.82 %","77,355,492.80"
"INVESTMENT","2023-06-06","65.64","66.42","65.2","66.29","1.01 %","54,212,524.80"
"INVESTMENT","2023-06-07","66.3","67.83","66.3","66.8","0.77 %","133,751,562.10"
"INVESTMENT","2023-06-08","67.44","68.05","66.23","67.34","0.81 %","121,112,564.70"
"INVESTMENT","2023-06-11","67.97","70.98","67.97","70.78","5.11 %","208,763,706.90"
"INVESTMENT","2023-06-12","71.09","71.75","70","70.72","-0.08 %","167,126,819.10"
"INVESTMENT","2023-06-13","70.72","72.72","69.97","72.08","1.92 %","202,520,944.90"
"INVESTMENT","2023-06-14","71.78","73.21","70.93","71.76","-0.44 %","241,348,461.90"
"INVESTMENT","2023-06-15","71.77","72.35","70.84","71.56","-0.28 %","115,825,468.90"
"INVESTMENT","2023-06-18","71.85","72.9","71.23","72.6","1.45 %","241,328,230.20"
"INVESTMENT","2023-06-19","72.61","75.46","72.14","74.83","3.07 %","274,846,122.70"
"INVESTMENT","2023-06-20","75.46","77.55","74.69","75.38","0.73 %","397,734,566.50"
"INVESTMENT","2023-06-21","75.68","76.39","74.02","74.18","-1.59 %","232,687,429.90"
"INVESTMENT","2023-06-22","75.21","75.79","73.36","73.9","-0.38 %","221,443,679.60"
"INVESTMENT","2023-06-25","73.61","76","73.61","75.61","2.31 %","339,484,631.90"
"INVESTMENT","2023-06-26","76.04","77.09","75.42","75.76","0.20 %","248,805,811.40"
"INVESTMENT","2023-06-27","76.09","76.36","75.42","75.81","0.07 %","254,602,380.70"
"INVESTMENT","2023-06-28","76.15","76.56","74.23","74.34","-1.94 %","303,796,726.70"
"INVESTMENT","2023-07-02","75.08","75.94","73.16","73.32","-1.37 %","252,432,074.90"
"INVESTMENT","2023-07-03","73.31","73.96","72.54","72.77","-0.75 %","313,815,070.40"
"INVESTMENT","2023-07-04","73.51","75.15","72.89","73.76","1.36 %","191,927,618.20"
"INVESTMENT","2023-07-05","74.52","74.52","71.93","72.16","-2.17 %","126,834,017.00"
"INVESTMENT","2023-07-06","72.21","72.51","71","71.56","-0.83 %","119,047,669.00"
"INVESTMENT","2023-07-09","71.62","73.22","71.62","73.1","2.15 %","103,556,963.60"
"INVESTMENT","2023-07-10","73.11","74.31","73.01","73.14","0.05 %","107,712,416.50"
"INVESTMENT","2023-07-11","73.15","73.62","72.54","72.75","-0.53 %","85,590,883.00"
"INVESTMENT","2023-07-12","72.75","73.76","72.29","73.14","0.54 %","95,840,054.90"
"INVESTMENT","2023-07-13","73.15","74.43","72.34","72.59","-0.75 %","111,769,136.90"
"INVESTMENT","2023-07-16","72.6","73.3","72.42","73.05","0.63 %","104,173,342.80"
"INVESTMENT","2023-07-17","73.13","74.53","72.68","74.31","1.72 %","115,228,709.90"
"INVESTMENT","2023-07-18","74.31","75.34","74.31","74.44","0.17 %","119,316,144.60"
"INVESTMENT","2023-07-19","74.75","75.08","73.93","74.18","-0.35 %","70,355,446.10"
"INVESTMENT","2023-07-20","74.18","74.41","73.62","73.86","-0.43 %","121,223,949.10"
"INVESTMENT","2023-07-23","74.2","76.42","74.19","76.42","3.47 %","245,808,845.00"
"INVESTMENT","2023-07-24","76.45","76.85","75.02","75.31","-1.45 %","168,310,960.20"
"INVESTMENT","2023-07-25","75.31","75.59","74.16","74.28","-1.37 %","74,208,617.10"
"INVESTMENT","2023-07-26","74.29","75.08","73.66","73.81","-0.63 %","77,936,986.00"
"INVESTMENT","2023-07-27","73.84","74.23","72.79","72.85","-1.30 %","112,268,265.50"
"INVESTMENT","2023-07-30","72.64","73.44","72.18","72.26","-0.81 %","84,298,897.80"
"INVESTMENT","2023-07-31","72.26","73.12","72.25","72.36","0.14 %","81,022,851.10"
"INVESTMENT","2023-08-01","72.3","73.02","71.42","71.65","-0.98 %","90,337,025.50"
"INVESTMENT","2023-08-02","71.65","71.95","70.96","71.66","0.01 %","57,632,002.00"
"INVESTMENT","2023-08-03","71.66","72.39","71.51","71.77","0.15 %","128,475,713.70"
"INVESTMENT","2023-08-06","71.81","72.41","70.58","70.89","-1.23 %","92,002,805.40"
"INVESTMENT","2023-08-07","70.9","71.81","70.59","70.86","-0.04 %","79,234,846.20"
"INVESTMENT","2023-08-08","70.63","71.53","69.99","70.35","-0.72 %","102,287,056.80"
"INVESTMENT","2023-08-09","70.3","71.62","69.6","71.57","1.73 %","102,485,115.50"
"INVESTMENT","2023-08-10","71.57","72.32","70.98","71.7","0.18 %","95,349,868.60"
"INVESTMENT","2023-08-13","71.7","72.48","71.43","72","0.42 %","86,038,563.10"
"INVESTMENT","2023-08-14","72.01","72.66","71.8","71.83","-0.24 %","56,098,093.70"
"INVESTMENT","2023-08-15","71.82","72.34","70.87","71.01","-1.14 %","83,171,128.30"
"INVESTMENT","2023-08-16","71.01","71.1","69.87","70.66","-0.49 %","94,940,727.50"
"INVESTMENT","2023-08-17","70.66","71.6","70.55","70.81","0.21 %","54,980,500.20"
"INVESTMENT","2023-08-20","71.05","71.2","69.88","70.12","-0.97 %","83,165,932.40"
"INVESTMENT","2023-08-21","70.12","70.65","69.36","69.59","-0.76 %","62,456,513.90"
"INVESTMENT","2023-08-22","69.42","70.22","69.42","70.18","0.85 %","32,801,507.40"
"INVESTMENT","2023-08-23","70.19","71.57","70.02","71.25","1.52 %","57,206,040.80"
"INVESTMENT","2023-08-24","71.26","71.61","70.29","70.36","-1.21 %","43,552,471.30"
"INVESTMENT","2023-08-27","70.37","70.53","69.49","69.9","-0.65 %","47,519,345.50"
"INVESTMENT","2023-08-28","69.91","70.4","69.68","70.11","0.30 %","41,040,842.10"
"INVESTMENT","2023-08-29","70.12","70.34","69.58","70.2","0.13 %","36,066,696.40"
"INVESTMENT","2023-08-30","69.91","70.48","69.86","70.07","-0.19 %","29,949,288.20"
"INVESTMENT","2023-09-03","70.33","70.33","69.09","69.1","-1.38 %","45,340,771.30"
"INVESTMENT","2023-09-04","69.11","69.89","68.66","69.14","0.06 %","45,208,039.90"
"INVESTMENT","2023-09-05","68.87","69.37","68.69","68.99","-0.22 %","31,300,287.70"
"INVESTMENT","2023-09-07","68.96","68.98","68.1","68.16","-1.20 %","38,086,197.90"
"INVESTMENT","2023-09-10","68.17","68.78","68.06","68.37","0.31 %","26,589,998.00"
"INVESTMENT","2023-09-11","68.62","69.75","68.16","69.75","2.02 %","39,164,582.60"
"INVESTMENT","2023-09-12","69.81","70.02","68.8","68.84","-1.30 %","49,205,265.20"
"INVESTMENT","2023-09-13","68.84","70.09","68.75","70.01","1.70 %","41,756,965.80"
"INVESTMENT","2023-09-17","69.93","70.06","68.54","68.66","-1.93 %","51,622,514.00"
"INVESTMENT","2023-09-18","68.67","68.93","68.08","68.76","0.15 %","38,931,214.40"
"INVESTMENT","2023-09-19","69.01","69.43","68.34","69.3","0.79 %","36,832,310.00"
"INVESTMENT","2023-09-21","69.38","71.72","69.37","71.03","2.50 %","106,025,777.20"
"INVESTMENT","2023-09-24","70.38","71.59","69.78","69.87","-1.63 %","63,858,690.60"
"INVESTMENT","2023-09-25","69.88","69.91","69.15","69.21","-0.94 %","40,476,974.50"
"INVESTMENT","2023-09-26","69.21","70.16","68.86","69.98","1.11 %","95,092,296.50"
"INVESTMENT","2023-09-27","69.99","70.16","68.9","69.12","-1.23 %","97,195,244.30"
"INVESTMENT","2023-10-01","69.41","69.4","67.86","68.13","-1.43 %","54,937,423.70"
"INVESTMENT","2023-10-02","68.13","68.45","67.65","68.16","0.04 %","42,918,389.20"
"INVESTMENT","2023-10-03","68.16","68.16","67.5","67.51","-0.95 %","44,641,184.50"
"INVESTMENT","2023-10-04","67.52","68.49","67.51","67.75","0.36 %","27,933,872.70"
"INVESTMENT","2023-10-05","67.76","68.01","67.34","67.43","-0.47 %","44,828,610.60"
"INVESTMENT","2023-10-08","67.91","67.91","66.03","66.07","-2.02 %","80,086,673.70"
"INVESTMENT","2023-10-09","66.08","66.66","65.46","65.83","-0.36 %","51,844,553.40"
"INVESTMENT","2023-10-10","65.8","66.36","65.22","65.43","-0.61 %","46,116,027.90"
"INVESTMENT","2023-10-11","65.43","66.13","65.28","65.44","0.02 %","28,594,589.70"
"INVESTMENT","2023-10-12","65.49","65.76","64.95","65.01","-0.66 %","82,762,842.60"
"INVESTMENT","2023-10-16","65.06","65.15","64.04","64.17","-1.29 %","101,841,006.80"
"INVESTMENT","2023-10-17","64.13","65.63","63.94","64.46","0.45 %","70,524,745.80"
"INVESTMENT","2023-10-18","64.44","66.11","64.43","65.9","2.23 %","47,658,510.10"
"INVESTMENT","2023-10-19","65.91","66.3","65.41","66.02","0.18 %","42,344,549.50"
"INVESTMENT","2023-10-29","66.02","66.02","64.72","64.94","-1.64 %","62,166,101.20"
"INVESTMENT","2023-10-30","64.92","65.26","64.35","65.11","0.26 %","36,935,220.90"
"INVESTMENT","2023-10-31","65.15","65.26","64.43","64.72","-0.60 %","26,604,142.90"
"INVESTMENT","2023-11-01","64.72","65.12","64.55","64.77","0.08 %","41,171,182.20"
"INVESTMENT","2023-11-02","64.73","65","64.53","64.6","-0.26 %","55,245,716.90"
"INVESTMENT","2023-11-05","64.55","64.61","63.69","63.84","-1.18 %","45,211,702.50"
"INVESTMENT","2023-11-06","63.88","64.91","63.73","64.73","1.39 %","57,425,255.50"
"INVESTMENT","2023-11-07","64.73","65.82","64.61","65.71","1.51 %","57,621,763.40"
"INVESTMENT","2023-11-08","65.71","65.75","65.12","65.42","-0.44 %","36,738,836.50"
"INVESTMENT","2023-11-09","65.37","65.62","64.76","65","-0.64 %","56,876,455.00"
"INVESTMENT","2023-11-20","65.02","66.6","64.99","65.48","0.74 %","58,410,516.40"
"INVESTMENT","2023-11-21","65.26","65.73","64.64","65.1","-0.58 %","53,196,587.20"
"INVESTMENT","2023-11-22","65.05","66.15","64.55","65.93","1.27 %","78,773,398.90"
"INVESTMENT","2023-11-23","65.87","66.69","65.3","66.2","0.41 %","68,058,788.00"
"INVESTMENT","2023-11-26","66.21","67.72","65.95","67.47","1.92 %","103,098,742.40"
"INVESTMENT","2023-11-27","67.75","68.41","67.44","67.8","0.49 %","71,214,665.70"
"INVESTMENT","2023-11-28","67.8","68.04","67.4","67.64","-0.24 %","51,096,010.00"
"INVESTMENT","2023-11-29","67.64","68.88","67.08","67.36","-0.41 %","51,954,462.10"
"INVESTMENT","2023-11-30","67.36","67.37","66.38","66.78","-0.86 %","51,711,193.90"
"INVESTMENT","2023-12-03","66.82","66.81","65.9","66.54","-0.36 %","64,847,568.40"
"INVESTMENT","2023-12-04","66.52","66.7","66.1","66.24","-0.45 %","56,325,230.80"
"INVESTMENT","2023-12-05","66.25","66.59","64.91","65.89","-0.53 %","117,325,390.60"
"INVESTMENT","2023-12-06","65.83","66.1","65.56","65.9","0.02 %","64,046,693.80"
"INVESTMENT","2023-12-07","65.9","66.63","65.83","66.45","0.83 %","114,351,352.60"
"INVESTMENT","2023-12-10","66.73","70.83","66.73","70.77","6.50 %","24,490,318.90"
"INVESTMENT","2023-12-11","71.97","72.12","69.52","69.81","-1.36 %","253,998,011.70"
"INVESTMENT","2023-12-12","70.51","71.63","69.65","71.21","2.01 %","193,182,529.20"
"INVESTMENT","2023-12-13","71.3","73.23","71.08","71.39","0.44 %","201,742,933.90"
"INVESTMENT","2023-12-14","71.35","71.89","70.68","71.27","-0.17 %","176,504,286.50"
"INVESTMENT","2023-12-17","71.12","73.56","70.31","73.5","3.13 %","251,111,256.10"
"INVESTMENT","2023-12-18","73.68","76.42","73.56","75.79","3.12 %","293,952,908.30"
"INVESTMENT","2023-12-19","75.9","77.68","75.71","77.63","2.43 %","339,084,724.90"
"INVESTMENT","2023-12-20","77.63","83.98","78.09","83.01","6.93 %","553,504,525.40"
"INVESTMENT","2023-12-21","83.47","84.82","81.04","81.65","-1.64 %","526,326,609.70"
"INVESTMENT","2023-12-24","81.55","82.24","78.33","78.47","-3.89 %","632,733,250.30"
"INVESTMENT","2023-12-27","78.32","80.27","76.52","77.24","-1.57 %","391,518,825.90"
"INVESTMENT","2023-12-28","76.96","78.61","76.95","77.81","0.74 %","265,290,408.40"
"INVESTMENT","2024-01-01","77.95","80.14","77.89","78.65","1.08 %","449,607,405.00"
"INVESTMENT","2024-01-02","78.8","79.65","78.01","78.5","-0.19 %","455,443,145.50"
"INVESTMENT","2024-01-03","78.5","80.33","77.94","80.18","2.14 %","430,332,549.90"
"INVESTMENT","2024-01-04","80.29","82.92","80.29","81.07","1.11 %","543,029,858.00"
"INVESTMENT","2024-01-07","80.67","81.45","79.4","79.5","-1.94 %","519,599,572.20"
"INVESTMENT","2024-01-08","79.49","81.85","79.37","81.57","2.60 %","531,991,729.80"
"INVESTMENT","2024-01-09","81.44","84.38","81.43","82.59","1.25 %","573,044,727.60"
"INVESTMENT","2024-01-10","82.84","84","81.73","82.06","-0.64 %","495,101,111.50"
"INVESTMENT","2024-01-11","81.85","83.05","81.1","81.35","-0.87 %","348,400,041.00"
"INVESTMENT","2024-01-14","81.52","82.45","81.48","82.36","1.24 %","347,613,337.40"
"INVESTMENT","2024-01-16","82.42","85.65","82.4","85.42","3.72 %","750,484,991.20"
"INVESTMENT","2024-01-17","85.68","86.92","84.12","84.33","-1.28 %","802,843,920.70"
"INVESTMENT","2024-01-18","84.92","84.94","83.01","83.69","-0.76 %","493,670,374.90"
"INVESTMENT","2024-01-21","83.41","84.07","81.87","82.05","-1.96 %","506,810,508.60"
"INVESTMENT","2024-01-22","81.74","83.02","80.18","80.53","-1.85 %","451,190,180.30"
"INVESTMENT","2024-01-23","80.22","81.69","80.12","80.82","0.36 %","352,242,933.20"
"INVESTMENT","2024-01-24","81.15","81.71","79.29","79.49","-1.65 %","355,984,623.50"
"INVESTMENT","2024-01-25","79.19","80.6","78.77","78.99","-0.63 %","257,487,050.40"
"INVESTMENT","2024-01-28","79","80.31","78.85","79.73","0.94 %","313,171,902.90"
"INVESTMENT","2024-01-29","79.7","81.23","79.57","80.51","0.98 %","392,556,160.00"
"INVESTMENT","2024-01-30","80.51","81.69","80.51","81.03","0.65 %","297,119,902.70"
"INVESTMENT","2024-01-31","80.73","81.72","79.72","79.98","-1.30 %","511,533,362.70"
"INVESTMENT","2024-02-01","80.27","80.26","78.68","78.95","-1.29 %","245,805,352.60"
"INVESTMENT","2024-02-04","78.8","79.77","78.37","79.03","0.10 %","253,618,938.80"
"INVESTMENT","2024-02-05","78.88","79.79","78.87","79.42","0.49 %","179,900,605.10"
"INVESTMENT","2024-02-06","79.43","80.35","79.29","79.59","0.21 %","165,717,358.90"
"INVESTMENT","2024-02-07","79.8","81.06","79.57","79.9","0.39 %","152,147,333.90"
"INVESTMENT","2024-02-08","79.96","80.33","79.55","80.03","0.16 %","181,698,256.90"
"INVESTMENT","2024-02-11","79.87","80.97","79.74","79.81","-0.27 %","286,797,020.30"
"INVESTMENT","2024-02-12","79.65","81.04","79.54","80.8","1.24 %","262,114,441.50"
"INVESTMENT","2024-02-13","80.95","80.95","78.98","79.13","-2.07 %","215,307,063.40"
"INVESTMENT","2024-02-14","79.08","79.74","78.58","78.97","-0.20 %","177,108,621.70"
"INVESTMENT","2024-02-15","78.82","79.35","78.34","78.51","-0.58 %","170,902,635.60"
"INVESTMENT","2024-02-18","78.82","78.81","77.21","77.3","-1.54 %","207,561,082.30"
"INVESTMENT","2024-02-20","77.3","78.18","76.9","77.44","0.18 %","171,654,298.10"
"INVESTMENT","2024-02-21","77.44","78.07","76.99","77.05","-0.50 %","114,199,176.20"
"INVESTMENT","2024-02-22","77.06","77.4","75.84","75.86","-1.54 %","189,269,030.10"
"INVESTMENT","2024-02-25","75.87","76.08","74.35","74.44","-1.87 %","142,153,935.90"
"INVESTMENT","2024-02-26","74.58","75.39","74.29","75.16","0.97 %","101,560,945.40"
"INVESTMENT","2024-02-27","75.17","75.55","74.56","75.1","-0.08 %","80,788,437.70"
"INVESTMENT","2024-02-28","75.11","77.39","74.7","75.89","1.05 %","115,786,010.30"
"INVESTMENT","2024-02-29","75.9","76.49","74.65","74.72","-1.54 %","167,186,443.70"
"INVESTMENT","2024-03-03","74.73","75.06","73.77","74.32","-0.54 %","112,020,650.30"
"INVESTMENT","2024-03-04","75.72","79.09","75.71","79.07","6.39 %","22,526,986.90"
"INVESTMENT","2024-03-05","79.45","79.45","76.06","76.32","-3.48 %","223,615,658.10"
"INVESTMENT","2024-03-06","76.32","77.48","75.43","76.64","0.42 %","195,279,253.80"
"INVESTMENT","2024-03-07","76.69","77.89","76.68","76.99","0.46 %","181,684,342.80"
"INVESTMENT","2024-03-10","76.99","78.46","76.99","77.96","1.26 %","160,985,360.90"
"INVESTMENT","2024-03-12","79.06","79.72","78.16","79.42","1.87 %","244,007,215.10"
"INVESTMENT","2024-03-13","79.73","80.04","78.47","79.36","-0.08 %","168,964,872.40"
"INVESTMENT","2024-03-14","79.52","79.57","78.18","78.3","-1.34 %","147,123,753.50"
"INVESTMENT","2024-03-17","78.46","78.73","77.46","77.83","-0.60 %","122,691,369.90"
"INVESTMENT","2024-03-18","77.95","78.23","77.3","77.48","-0.45 %","89,060,783.60"
"INVESTMENT","2024-03-19","77.63","78.22","77.08","77.16","-0.41 %","89,964,268.00"
"INVESTMENT","2024-03-20","77.31","77.62","76.69","76.87","-0.38 %","85,489,699.50"
"INVESTMENT","2024-03-21","77.02","77.18","76.26","76.29","-0.75 %","92,558,940.10"
"INVESTMENT","2024-03-25","76.29","76.71","75.79","76.01","-0.37 %","75,846,047.90"
"INVESTMENT","2024-03-26","76.01","76.59","75.76","76.35","0.45 %","88,688,854.20"
"INVESTMENT","2024-03-27","76.41","77.28","75.77","75.83","-0.68 %","68,271,190.60"
"INVESTMENT","2024-03-28","75.61","76.85","75.57","76.46","0.83 %","110,200,898.80"
"INVESTMENT","2024-03-31","76.32","76.65","75.78","75.85","-0.80 %","159,246,448.10"
"INVESTMENT","2024-04-01","75.55","76.29","75.29","75.46","-0.51 %","97,971,208.10"
"INVESTMENT","2024-04-02","75.47","75.88","75.39","75.5","0.05 %","65,179,234.70"
"INVESTMENT","2024-04-03","75.45","75.95","75.1","75.36","-0.19 %","78,546,783.90"
"INVESTMENT","2024-04-04","75.36","75.68","75.08","75.12","-0.32 %","76,460,466.00"
"INVESTMENT","2024-04-07","75.76","75.75","75.13","75.57","0.60 %","82,453,583.30"
"INVESTMENT","2024-04-09","75.57","76.33","75.57","76.1","0.70 %","109,731,691.30"
"INVESTMENT","2024-04-10","76.1","76.33","75.37","75.79","-0.41 %","85,440,098.40"
"INVESTMENT","2024-04-14","75.79","75.97","75.1","75.17","-0.82 %","74,830,857.90"
"INVESTMENT","2024-04-15","75.17","75.38","74.73","74.94","-0.31 %","91,696,586.30"
"INVESTMENT","2024-04-16","74.42","74.92","74.39","74.49","-0.60 %","60,542,372.90"
"INVESTMENT","2024-04-18","74.49","74.49","73.76","73.85","-0.86 %","55,007,114.30"
"INVESTMENT","2024-04-21","73.85","74.66","73.37","74.48","0.85 %","63,162,074.70"
"INVESTMENT","2024-04-22","74.03","74.8","73.92","74.03","-0.60 %","55,754,331.90"
"INVESTMENT","2024-04-24","74.03","74.51","73.68","73.85","-0.24 %","62,030,438.40"
"INVESTMENT","2024-04-25","73.94","74.3","73.4","73.62","-0.31 %","71,689,887.50"
"INVESTMENT","2024-04-28","73.89","74.33","73.47","73.95","0.45 %","67,149,177.30"
"INVESTMENT","2024-04-29","74.23","74.71","73.81","73.94","-0.01 %","61,364,988.70"
"INVESTMENT","2024-04-30","73.57","75.11","73.57","74.78","1.14 %","113,245,861.90"
"INVESTMENT","2024-05-02","75.3","75.77","74.46","74.63","-0.20 %","83,954,886.60"
"INVESTMENT","2024-05-05","74.12","74.41","73.42","73.63","-1.34 %","77,926,979.20"
"INVESTMENT","2024-05-06","73.87","73.87","73.05","73.18","-0.61 %","71,703,237.20"
"INVESTMENT","2024-05-07","73.18","73.56","72.76","72.82","-0.49 %","61,992,273.30"
"INVESTMENT","2024-05-08","72.82","73.39","72.35","72.46","-0.49 %","67,316,641.20"
"INVESTMENT","2024-05-09","72.57","72.94","72.42","72.63","0.23 %","57,706,622.70"
"INVESTMENT","2024-05-12","72.9","73.24","72.56","72.74","0.15 %","59,736,136.10"
"INVESTMENT","2024-05-13","72.88","74.3","72.52","74.23","2.05 %","367,100,394.00"
"INVESTMENT","2024-05-14","74.23","75.29","74.02","75.05","1.10 %","236,330,946.50"
"INVESTMENT","2024-05-15","75.05","75.9","74.42","74.52","-0.71 %","132,424,293.00"
"INVESTMENT","2024-05-16","74.58","74.88","73.92","74.39","-0.17 %","509,447,106.80"
"INVESTMENT","2024-05-16","74.58","74.88","73.92","74.39","-0.17 %","509,447,106.80"
"INVESTMENT","2024-05-19","74.77","75.87","74.36","75.36","1.30 %","292,567,673.50"
"INVESTMENT","2024-05-20","75.36","77.27","75.05","76.75","1.84 %","379,307,762.10"
"INVESTMENT","2024-05-21","76.84","77.97","76.16","77.45","0.91 %","326,799,903.40"
"INVESTMENT","2024-05-22","77.46","77.88","76.94","77.3","-0.19 %","306,749,951.20"
"INVESTMENT","2024-05-26","77.31","77.68","76.18","76.21","-1.41 %","290,643,142.00"
"INVESTMENT","2024-05-27","76.17","77.87","75.88","77.59","1.81 %","551,919,436.40"
"INVESTMENT","2024-05-29","77.81","78.7","76.74","76.94","-0.84 %","477,076,859.90"
"INVESTMENT","2024-05-30","76.64","77.24","75.86","76.04","-1.17 %","314,730,886.50"
"INVESTMENT","2024-06-02","76.24","76.66","75.51","75.87","-0.22 %","298,898,111.10"
"INVESTMENT","2024-06-03","76.04","76.33","75.56","75.74","-0.17 %","326,547,908.40"
"INVESTMENT","2024-06-04","76.41","76.55","75.72","76.27","0.70 %","428,049,864.70"
"INVESTMENT","2024-06-05","76.22","76.63","75.85","76.28","0.01 %","475,226,541.50"
"INVESTMENT","2024-06-06","76.39","76.97","76.14","76.65","0.49 %","494,490,480.00"
"INVESTMENT","2024-06-09","77.35","77.36","76.76","76.98","0.43 %","716,791,166.90"
"INVESTMENT","2024-06-10","77.29","77.67","76.6","77.1","0.16 %","700,867,307.50"
"INVESTMENT","2024-06-11","77.57","77.95","77.14","77.94","1.09 %","565,944,920.40"
"INVESTMENT","2024-06-12","77.85","78.55","77.79","78.03","0.12 %","613,756,129.00"
"INVESTMENT","2024-06-13","77.98","78.1","77.47","77.53","-0.64 %","459,289,944.50"
"INVESTMENT","2024-06-16","78.2","78.19","76.57","76.89","-0.83 %","446,669,680.20"
"INVESTMENT","2024-06-18","76.89","77.09","76.11","76.26","-0.82 %","306,595,164.90"
"INVESTMENT","2024-06-19","76.21","76.68","76.04","76.12","-0.18 %","219,130,275.60"
"INVESTMENT","2024-06-20","76.57","76.63","75.82","76","-0.16 %","332,347,936.70"
"INVESTMENT","2024-06-23","75.95","76.31","75.37","75.53","-0.62 %","215,512,276.80"
"INVESTMENT","2024-06-24","75.48","76.14","75.17","75.34","-0.25 %","392,658,457.40"
"INVESTMENT","2024-06-25","75.46","77.14","75.45","76.62","1.70 %","310,632,803.80"
"INVESTMENT","2024-06-26","76.58","76.9","75.79","75.92","-0.91 %","333,229,017.60"
"INVESTMENT","2024-06-27","75.87","76.08","75.52","75.76","-0.21 %","214,919,569.20"
"INVESTMENT","2024-06-30","75.98","76.3","75.18","75.26","-0.66 %","234,323,075.30"
"INVESTMENT","2024-07-01","75.52","75.81","75.05","75.34","0.11 %","257,627,027.90"
"INVESTMENT","2024-07-02","76.69","80.57","76.06","77.08","2.31 %","315,663,871.30"
"INVESTMENT","2024-07-03","77.09","77.41","76.49","77.22","0.18 %","217,369,746.10"
"INVESTMENT","2024-07-04","77.93","78.79","77.47","78.69","1.90 %","560,384,428.40"
"INVESTMENT","2024-07-07","78.66","80.71","78.66","80.23","1.95 %","15,891,740.00"
"INVESTMENT","2024-07-08","80.4","80.92","79.7","79.91","-0.40 %","554,354,874.50"
"INVESTMENT","2024-07-09","79.92","80.34","79.68","80.2","0.36 %","439,782,963.70"
"INVESTMENT","2024-07-10","80.73","81.21","80.18","80.72","0.65 %","440,836,827.30"
"INVESTMENT","2024-07-11","81.26","81.44","80.69","81.14","0.52 %","445,319,173.50"
"INVESTMENT","2024-07-14","82.64","85.06","81.97","82.19","1.29 %","574,087,410.10"
"INVESTMENT","2024-07-15","82.59","84.32","82.39","83.59","1.70 %","719,112,193.60"
"INVESTMENT","2024-07-16","83.7","86.25","83.55","86.13","3.04 %","570,609,859.90"
"INVESTMENT","2024-07-17","86.57","87.69","85.95","87.45","1.53 %","730,523,398.30"
"INVESTMENT","2024-07-18","87.45","89.72","86.89","88.23","0.89 %","786,390,617.40"
"INVESTMENT","2024-07-21","88.27","91.06","87.56","90.59","2.67 %","866,574,785.60"
"INVESTMENT","2024-07-22","90.46","91.76","89.17","90.17","-0.46 %","787,592,100.40"
"INVESTMENT","2024-07-23","90.74","93.85","89.85","93.66","3.87 %","646,446,086.80"
"INVESTMENT","2024-07-24","95.07","96.15","92.24","92.88","-0.83 %","858,435,657.70"
"INVESTMENT","2024-07-25","93.06","93.64","91.74","92.19","-0.74 %","663,475,060.10"
"INVESTMENT","2024-07-28","93.97","97.63","93.42","97.54","5.80 %","1,206,843,908.20"
"INVESTMENT","2024-07-29","98.42","99.29","96.76","96.96","-0.59 %","1,238,507,016.50"
"INVESTMENT","2024-07-30","96.95","100.41","96.51","100.03","3.17 %","987,507,681.00"
"INVESTMENT","2024-07-31","100.1","108.55","100.09","106.93","6.90 %","1,668,113,960.80"
"INVESTMENT","2024-08-01","108.51","111.65","107.75","109.87","2.75 %","2,164,769,508.80"
"INVESTMENT","2024-08-05","110.85","114.5","109.58","113.74","3.52 %","1,931,529,971.20"
"INVESTMENT","2024-08-06","113.6","115.06","106.08","106.49","-6.37 %","1,922,058,531.90"
"INVESTMENT","2024-08-07","105.81","110.82","104.92","110.64","3.90 %","1,376,274,967.50"
"INVESTMENT","2024-08-08","111.77","114.7","110.65","112.12","1.34 %","2,090,758,546.30"
"INVESTMENT","2024-08-11","112.34","116.76","111.44","116.75","4.43 %","1,722,391,618.80"
"INVESTMENT","2024-08-12","117.3","119.07","115.84","116.52","-0.20 %","1,868,109,854.50"
"INVESTMENT","2024-08-13","117.54","118.55","113.45","116.62","0.09 %","1,333,191,364.00"
"INVESTMENT","2024-08-14","117.95","120.19","115.57","119.52","2.49 %","1,549,332,643.60"
"INVESTMENT","2024-08-15","121.63","125.74","119.94","122.74","2.69 %","1,786,105,723.60"
"INVESTMENT","2024-08-18","122.58","125.55","120.21","121.95","-0.64 %","2,070,147,305.30"
"INVESTMENT","2024-08-21","122.85","124.64","121.18","122.11","0.13 %","1,547,756,401.20"
"INVESTMENT","2024-08-22","122.83","123.41","120.56","120.78","-1.09 %","1,092,798,685.10"
"INVESTMENT","2024-08-25","121.65","122.08","115.93","116.15","-3.83 %","1,174,643,085.20"
"INVESTMENT","2024-08-27","116.26","117","110.99","111.34","-4.14 %","1,212,086,192.50"
"INVESTMENT","2024-08-28","111.35","115.99","110.98","112.47","1.01 %","1,050,848,152.50"
"INVESTMENT","2024-08-29","112.89","113.61","110.37","111.35","-1.00 %","844,703,894.70"
"INVESTMENT","2024-09-01","111.19","113.61","109.19","109.87","-1.33 %","653,237,425.30"
"INVESTMENT","2024-09-02","109.6","115.87","109.2","115.87","5.46 %","925,180,386.40"
"INVESTMENT","2024-09-03","116.56","117.47","114.5","115.55","-0.28 %","827,366,880.90"
"INVESTMENT","2024-09-04","116.5","116.73","111.01","111.43","-3.57 %","867,999,622.70"
"INVESTMENT","2024-09-05","111.52","111.73","108.62","109.91","-1.36 %","686,174,029.50"
"INVESTMENT","2024-09-08","110.13","112.2","109.14","109.32","-0.54 %","875,781,114.00"
"INVESTMENT","2024-09-09","109.31","110.77","108.17","108.94","-0.35 %","1,072,897,612.20"
"INVESTMENT","2024-09-10","108.95","111.44","107.4","108.36","-0.53 %","606,813,662.70"
"INVESTMENT","2024-09-11","108.02","109.88","106.97","107.06","-1.20 %","702,646,340.30"
"INVESTMENT","2024-09-12","107.2","111.19","106.71","111.05","3.73 %","1,140,420,035.50"
"INVESTMENT","2024-09-15","111.44","113.05","107.79","107.94","-2.80 %","1,606,194,489.80"
"INVESTMENT","2024-09-16","107.84","107.83","104.88","105.2","-2.54 %","679,306,911.19"
"INVESTMENT","2024-09-18","105.57","106.08","103.76","104.72","-0.46 %","427,848,878.10"
"INVESTMENT","2024-09-22","106.33","109.7","104.54","105.37","0.62 %","592,480,217.70"
"INVESTMENT","2024-09-23","106.87","106.91","102.24","102.48","-2.74 %","412,481,052.50"
"INVESTMENT","2024-09-24","102.61","104.11","99.24","99.36","-3.04 %","489,983,211.50"
"INVESTMENT","2024-09-25","99.48","101.91","98.24","100.92","1.57 %","366,803,268.00"
"INVESTMENT","2024-09-26","100.96","102.34","99.1","99.2","-1.70 %","357,535,858.20"
"INVESTMENT","2024-09-29","98.5","99.59","96.78","97.81","-1.40 %","369,204,561.10"
"INVESTMENT","2024-09-30","97.71","100.54","97.46","100.22","2.46 %","397,212,219.90"
"INVESTMENT","2024-10-01","100.72","106.34","100.72","106.34","6.11 %","650,636,374.50"
"INVESTMENT","2024-10-02","106.65","107.57","103.84","104.71","-1.53 %","499,921,048.60"
"INVESTMENT","2024-10-06","104.65","106.91","103.88","106.8","2.00 %","545,970,005.50"
"INVESTMENT","2024-10-07","107.14","109.65","107.13","108.36","1.46 %","603,658,108.36"
"INVESTMENT","2024-10-08","108.3","109.05","106.57","106.79","-1.45 %","256,724,260.80"
"INVESTMENT","2024-10-09","106.79","107.43","105.65","106.55","-0.22 %","225,776,564.40"
"INVESTMENT","2024-10-15","106.55","108.24","106.55","108.17","1.52 %","254,289,983.70"
"INVESTMENT","2024-10-16","108.17","109.95","108.17","108.93","0.70 %","299,419,716.40"
"INVESTMENT","2024-10-17","109.28","111.55","108.91","109.71","0.72 %","453,686,819.07"
"INVESTMENT","2024-10-20","108.79","109.71","106.79","107.63","-1.90 %","361,790,193.90"
"INVESTMENT","2024-10-21","107.2","108.09","104.84","104.92","-2.52 %","313,908,913.90"
"INVESTMENT","2024-10-22","104.73","106.57","104.47","105.89","0.92 %","255,519,289.30"
"INVESTMENT","2024-10-23","106.13","107.15","105.1","105.51","-0.36 %","253,566,350.30"
"INVESTMENT","2024-10-24","105.57","105.82","104.31","104.53","-0.93 %","216,321,883.10"
"INVESTMENT","2024-10-27","104.95","105.08","104.1","104.35","-0.17 %","305,053,322.30"
"INVESTMENT","2024-10-28","104.59","105.63","104.28","105.26","0.87 %","177,194,041.80"
"INVESTMENT","2024-10-29","105.38","107.01","105.13","106.7","1.37 %","285,297,702.80"
"INVESTMENT","2024-10-30","107.09","107.08","105.05","105.19","-1.42 %","539,447,144.50"
"INVESTMENT","2024-11-05","105.23","106.49","104.89","105.14","-0.05 %","138,868,749.80"
"INVESTMENT","2024-11-06","105.15","105.33","104.36","104.75","-0.37 %","116,500,385.30"
"INVESTMENT","2024-11-10","105.19","107.44","104.98","107.44","2.57 %","326,806,804.60"
"INVESTMENT","2024-11-11","107.1","109.92","107","108.82","1.28 %","541,805,553.40"
"INVESTMENT","2024-11-12","109.22","110.29","107.88","108.44","-0.35 %","306,317,095.60"
"INVESTMENT","2024-11-13","108.9","109.55","107.15","107.23","-1.12 %","219,842,069.70"
"INVESTMENT","2024-11-14","107.27","108.57","106.85","107.19","-0.04 %","361,328,826.70"
"INVESTMENT","2024-11-17","106.77","109","106.77","107.38","0.18 %","316,355,438.10"
"INVESTMENT","2024-11-19","107.4","108.52","104.93","105.29","-1.95 %","372,705,244.90"
"INVESTMENT","2024-11-20","105.68","105.99","104.36","105.5","0.20 %","247,559,463.30"
"INVESTMENT","2024-11-21","105.47","106.22","104.15","104.55","-0.90 %","248,209,750.90"
"INVESTMENT","2024-11-24","105.28","105.8","104.16","104.64","0.09 %","694,325,422.60"
"INVESTMENT","2024-11-25","105.34","106.23","104.32","105.74","1.05 %","425,400,072.50"
"INVESTMENT","2024-11-26","107.18","107.85","105.39","106.94","1.13 %","513,008,747.40"
"INVESTMENT","2024-11-27","106.92","108.39","106.55","107.79","0.79 %","601,999,112.10"
"INVESTMENT","2024-11-28","107.72","108.61","106.76","106.85","-0.87 %","450,085,206.00"
"INVESTMENT","2024-12-01","107.83","107.83","104.75","105.61","-1.16 %","519,772,393.40"
"INVESTMENT","2024-12-02","106.21","107.67","105.53","106.26","0.62 %","499,785,087.30"
"INVESTMENT","2024-12-03","106.97","107.16","105.6","105.81","-0.42 %","450,441,475.01"